{"GHEA": ["Health is a state of physical, mental and social well-being, not just the absence of disease or infirmity.", "What Is Health? Health is living long and well.", "health as expanding consciousness a conceptual model of nursing formulated by Margaret A.", "Health is a state of complete physical, mental, and social well-being and not merely the absence of disease or infirmity.", "Today, three types of definition of health seem to be possible and are used."], "C34": ["What is economic competitiveness? There are actually a number of definitions out there.", "Economic competition takes place in markets\u2014meeting grounds of intending suppliers and buyers.", "Competition in economics happens when a market has a sufficient number of buyers and sellers so that prices remain low.", "In economics, competition is a scenario where different economic firms are in contention to obtain goods that are limited by varying the elements of the marketing mix: price, product, promotion and place.", "Firms may race to be the first to market a new or different technology."], "E51": ["Trade is the action of buying-selling or exchanging goods and services between people, companies, countries and other entities.", "The meaning of trade agreement is an international agreement on conditions of trade in goods and services.", "Our everyday lives are heavily influenced by international trade.", "Trade involves the transfer of goods or services from one person or organisation to another, often in exchange for money.", "Trade involves the transfer of goods or services from one person or entity to another, often in exchange for money."], "GSPO": ["Sport is defined by conflict and by fostering competitive nature in individuals that results in the division of winner and loser after the game is played.", "sports, physical contests pursued for the goals and challenges they entail.", " Sport (or sports) is all forms of usually competitive physical activity which, through casual or organised participation, aim to use, maintain or improve physical ability and skills while .", "A game is a physical or mental activity or contest that has rules and that people do for pleasure.", "com features live video, live scoring, rankings, news and statistics for all college sports across all divisions in the NCAA."], "E131": ["consumer prices meaning: the prices paid by people for goods and services in general, especially when considered in relation\u2026.", "Consumer prices rising at faster rate 06:21.", "The Consumer Price Index measures the average change in prices over time that consumers pay for a basket of goods and services.", "Traders have ratcheted up their forecasts for U.", "The Consumer Price Index (CPI) is a monthly measurement of U."], "E511": ["The balance of payments (BOP) is a statement of all transactions made between entities in one country and the rest of the world over a defined period of time, such as a quarter or a year.", "A country's balance of payments tells you whether it saves enough to pay for its imports.", "Balance of Payment (BOP) The balance of payment is the statement that files all the transactions between the entities, government anatomies, or individuals of one country to another for a given period of time.", "The balance of payments of a country is the difference between all money flowing into the country in a particular period of time (e.", "The balance of payments is the record of all international trade and financial transactions made by a country's residents."], "GPOL": ["Domestic policy are administrative decisions that are directly related to all issues and activity within a state's borders.", "Abstract A significant and growing literature on international relations (IR) argues that domestic politics is typically an important part of the explanation for states' foreign policies, and seeks to understand its influence more precisely.", "In domestic state politics, there are rules.", " Major issues currently for US domestic policy include gun control and firearms ownership, surveillance operations within the country as a counterterrorism measure, social security, welfare and healthcare, as well as immigration and drugs enforcement.", "Domestic politics refer to issues that are local (town or city), state, or country-wide."], "E132": ["In general, to get their retail price, most shopkeepers will multiply your wholesale price by at least two.", "Wholesale pricing is the prices used for a transaction of goods in bulk (large volumes).", "Wholesale price is the price charged for a product as sold in bulk to large trade or distributor groups as opposed to what is charged to consumers.", "I think we can agree that wholesale price is the price charged by one business to another business.", "Wholesale pricing involves setting a price for goods at the wholesale stage of selling."], "E212": ["In public finance, government debt, also known as public interest, public debt, national debt and sovereign debt, is the total amount of debt owed at a point in time by a government or sovereign state to lenders.", "Government borrow to enable them spend more without having to increase taxes.", "Some government borrowing has to be repaid in a month, but some lending is for as long as 30 years.", "Public borrowing is an important tool of the government to affect economic activities.", "In the current fiscal, the government has decided to stay with the borrowing programme as announced in the Budget 2019."], "E11": ["Economic factors that affect business as it is some of the other ways connected to business and influence drive of business like labor and its cost is always a controversial economic factor that affects the economy.", "Key measures of economic performance.", "The performance of an economy is usually assessed in terms of the achievement of economic objectives.", "For liabilities related to services, economic performance occurs when the services are rendered.", " 461(h)(2)(B) states that economic performance also occurs when the taxpayer provides property or services to another party."], "C31": ["Marketing is the process of teaching consumers why they should choose your product or service over those of your competitors, and is a form of persuasive communication.", "Marketing is the process of getting potential clients or customers interested in your products and services.", "At a fundamental level, marketing is the process of understanding your customers, and building and maintaining relationships with them.", "Marketing, the sum of activities involved in directing the flow of goods and services from producers to consumers.", "Marketing refers to the activities of a business related to buying and selling a product or service."], "C411": ["The term moves management is a term used primarily with the nonprofit sector in relation to donor development to the process by which a prospective donor is moved from cultivation to solicitation, according to Wikipedia.", "Defining an ACTION in Moves Management August 24, 2010 Focused Fundraising afp , moves management , prospect research , relationship management system Jen Filla I have been gathering and synthesizing all the materials and resources I have collected on moves management as part of my work creating a \"simple\" moves management process for a client.", "What is Moves Management? This is a term that's important to the nonprofit sector because it is associated with donor development.", "Moves Management Plan Example Name Ask Amount Q1 Q2 Q3 Q4 Allen, Thomas $100,000 1.", "Moves management is the process of identifying and classifying your constituents or donors in an attempt to \"move\" them along to a higher level of giving or engagement."], "C311": ["The supply and demand for a good, service, or security in a particular country.", "domestic market definition: the number of customers who buy or may buy products and services offered by companies within their\u2026.", "Lee Won Lee, Deputy Minister of Strategy and Finance.", "A domestic market, also referred to as an internal market or domestic trading, is the supply and demand of goods, services, and securities within a single country.", "The domestic market, also known as the internal market or home market, is where goods and services are bought and sold within the borders of a country."], "GOBIT": ["An obituary is a news article that reports the recent death of a person, typically along with an account of the person's life and information about the upcoming funeral.", "They preserve vital history that will live on long after we're gone.", "An obituary should be informative.", "An obituary is a biographical article written by an editor or writer for the newspaper.", "An obituary is a public, written piece announcing someone's death."], "M13": ["A money market mutual fund is a professionally managed fund that buys money market securities on behalf of individual investors.", "A money market fund is a mutual fund that invests solely in cash and cash equivalent securities, which are also called money market instruments.", "A money market fund is a type of fixed income mutual fund that invests in debt securities characterized by their short maturities and minimal credit risk.", "The money market consists of financial institutions and dealers in money or credit who wish to either borrow or lend.", "View global market updates, breaking news, investment tips and daily stock tips, as well as top economic stories."], "M12": ["A bond market is a place where debt securities are traded.", "Get all the information on the bond market.", "Bonds market data, news, and the latest trading info on US treasuries and government bond markets from around the world.", "Bond markets: Invest in G-Secs with RBI Retail Direct Gilt HDFC Multi Cap Fund NFO: Find out what it offers and who should invest in it ESIC scheme adds 13.", "What is the bond market? Also known as the debt market, the bond market is a financial market dealing with the trade and issuing of debt securities."], "C313": ["Market share is the percentage of an industry's sales that a particular company owns.", "Relative market share is a way to compare your performance to industry leaders.", "What is Market Share? Market share refers to the portion or percentage of a market earned by a company or an organization.", "Market share is the percentage of a certain market that an individual company's sales are responsible for.", "Market share is the portion of a given industry that is owned or controlled by a single brand or entity."], "M143": ["Energy markets are commodity markets that deal specifically with the trade and supply of energy.", "Find the latest news and analysis, headlines, blogs and videos about energy markets, gas, oil, coal, commodities, nuclear power from CNBC.", "A wholesale market is where electricity is sold between utility providers and traders of electricity before being sold to the consumer.", "Originally posted here, co-authored by Claire-Luise Heydick & Julia Zygmunt There will be new record prices on the energy markets in October 2021.", "Energy markets are commodity markets that deal specifically with the trade and supply of energy."], "M132": [" Currencies are traded on the Foreign Exchange market, also known as Forex.", " This series of 10 articles starts with an essential guide on the basics of foreign currency trading.", "Forex, also known as foreign exchange or FX trading, is the conversion of one currency into another.", "foreign exchange market (forex, or FX, market), institution for the exchange of one country's currency with that of another country.", " Trading Forex at the News Release."], "C152": ["The things they say and forecast could end up having a lot of influence over how markets perform this coming month.", "7 India Corporate Workwear Production, Revenue Forecast (2022-2027) 12 Consumption and Demand Forecast 12.", "Appropriate for junior/senior and graduate level courses in Forecasting found in Economics or Statistics departments.", "Business forecasting refers to the tools and techniques used to predict developments in business, such as sales, expenditures, and profits.", "The disclosure of corporate forecasts of projected annual earnings was a topic of intensive debate within the investment community during the years 1970-75."], "C15": ["Corporate Performance Management (CPM) refers to a tool used by corporations to formulate organizational strategies through prescribed methodologies.", "Corporate performance management (CPM), also called business performance management (or sometimes enterprise performance management), is an \"umbrella term\" used to described the methodologies and processes that help you manage the success of an organization.", "Corporate performance management (CPM) is the framework methodology to measure an organization's success in its strategy.", "Corporate performance management, or CPM, is a practice that involves evaluating the financial and operational performance of a company and putting processes in place to improve the strategic decisions made by managers and leaders in the organization.", "\"Corporate performance management is the use of metrics, systems, and processes to analyze and manage a business's performance,\" explained Eropa Stein, entrepreneur and founder of employee scheduling software Hyre."], "C183": ["Privatization is the process of transferring ownership of a business, enterprise, agency, charity or public service from the public sector (the state or government) or common use to the private sector (businesses that operate for a private profit) or to private non-profit organizations.", "Privatization describes the process by which a piece of property or business goes from being owned by the government to being privately owned.", "Privatization (or privatisation in British English) can mean different things including moving something from the public sector into the private sector.", "As such, any attempt to privatize an entity, airlines included, will stimulate challenges from political and economic detractors.", "The major criterion is easy to specify: privatization will work best when private managers find it in their interests to serve the public interest."], "GDIP": ["International relations is the study of the interactions of different nations and organizations around the world.", "International relations (IR), international affairs (IA) or international studies (IS) is the scientific study of interactions between sovereign states.", "International relations, international affairs or international studies is the scientific study of interactions between sovereign states.", "An international relations major studies how the world works and the way politics, culture and economics impact the global system.", "It's important to remember that international relations is not just about politics either."], "C1511": ["2007 ANNUAL RESULTS: Student Engagement in Law School: Knowing our Students.", "Results and Presentations Strategic presentations by General Management as well as webcasts of the financial results and sales, Annual General Meeting and Investor Analyst Conferences.", "Annual Results Engagement Insights: Survey Findings on the Quality of Undergraduate Education Welcome to the 2020 edition of Engagement Insights, NSSE's annual dissemination of selected research findings and institutional stories that have broad relevance to the improvement of undergraduate education.", "The annual report to shareholders is a document used by most public companies to disclose corporate information to their shareholders.", "An annual report is a comprehensive report on a company's activities throughout the preceding year."], "E31": ["Economic output is the total value of all goods and services produced in an economy.", "Economic output synonyms, Economic output pronunciation, Economic output translation, English dictionary definition of Economic output.", "Economic output refers to the amount of goods and services which a nation, industry, or company creates over a set time period.", "Economic output measures the value of all sales of goods and services.", "Potential output is what an economy can produce if it is using all of its resources."], "GJOB": ["We provide guidance and support to address a range of issues, including child labour, forced labour and discrimination.", "not be able to work (due to other commitments or constraints) to have some source of income.", " Learn about some important employment laws and issues.", "Labor Unions; Employment Discrimination; Immigration.", " \"The labor problem\" is the economics term widely used toward the turn of the 20th century with various applications."], "C174": ["A credit rating is an evaluation of the credit risk of a prospective debtor, predicting their ability to pay back the debt, and an implicit forecast of the likelihood of the debtor defaulting.", "A credit rating is an evaluation of the credit risk of a prospective debtor, predicting their ability to pay back the debt, and an implicit forecast of the likelihood of the debtor defaulting.", "VantageScore is a consumer credit rating product similar to the FICO score.", "The average credit score is 710 and most Americans have scores between 600 and 750, with 700+ considered to be good.", "Generally speaking, a credit score is a three-digit number ranging from 300 to 850."], "C16": ["What Is Liquidity? Liquidity in finance refers to the level of ease with which you can sell an asset, interest, or security without affecting its price.", "Insolvency refers to the situation in which a firm or individual is unable to meet financial obligations to creditors as debts become due.", "Liquidity describes the degree to which an asset or security can be quickly bought or sold in the market without affecting the asset's price.", "Insolvency refers to the situation in which a firm or individual is unable to meet financial obligations to creditors as debts become due.", "Insolvency is not the same as bankruptcy."], "GENV": ["The environment is important because it supports the survival of human beings, is the source of natural resources, supports biodiversity and offers remarkable beauty.", "The environmental pollution can also have a damaging affect on our health.", "The environment is everything around us.", "1 : a person's physical surroundings He lives in a comfortable rural environment.", "The natural environment or natural world encompasses all living and non-living things occurring naturally, meaning in this case not artificial."], "E141": ["State personal income decreased 21.", "The meaning of personal income is the current income received by persons from all sources excluding transfers among persons \u2014used especially in national income accounting.", "Personal income is the amount of money collectively received by the inhabitants of a country.", "Personal income is the term generally used to describe an individual's total income received from all sources.", "Personal income tax is the tax levied by a state (or other government entity) on an individual's income."], "GVOTE": ["The people we elect for President, Senators, and Representatives are public servants and work for the Federal Government.", "News24 brings you all the latest breaking elections news, analysis, past results maps and elections information as South Africa readies to vote in the Local Government elections.", "Elections & Government Participate in your local and state government by voting, contacting a representative, or running for office.", "Election dates and deadlines vary across the country and at different levels of government.", "Congressional elections occur every two years."], "M11": ["The equity or stock market is a market in which shares of companies are issued and traded, either through exchanges or over-the-counter markets.", "Introduction to Equity Markets Course Overview.", "An equity market is a hub in which shares of companies are issued and traded.", "Market makers exist to provide liquidity in securities and execute trades, playing an important role in equity market structure by enabling the smooth flow of markets.", "The market value of Equity is the total market value of all the outstanding stocks of a company."], "C182": ["If you are thinking about transferring assets to family members to reduce your income or estate taxes, you should be aware of the gift tax liability.", "In summary, a transfer of a noncash financial asset involves the conveyance of that asset to a party other than the asset's issuer.", "The recognition requirements for intra-entity asset transfers are frequently applied to intercompany sales of inventory (i.", "An asset transfer occurs when one person gives ownership of an asset to another person or to a group of people.", "A transfer is the movement of assets, funds, or ownership rights from one place to another."], "G156": ["While European environment and climate policies have helped to improve the environment over recent decades, Europe is not making enough progress and the outlook for the environment in the coming decade is not positive, according to the 'European environment \u2014 state and outlook 2020 (SOER 2020)' report.", "SS6G9 The student will discuss environmental issues in Europe.", "The data showed that the main environmental problems in Western Europe were: energy production/acid rain, nuclear power/waste, air pollution/climate, heavy metals, pesticides, water pollution, solid waste, and unforeseen accidents.", "Environmental problems require an integrated approach for their appraisal, cutting across the media, pressures and human activities.", "The EU - setting the pace in international environment policy."], "M141": ["Commodity Exchange Currency Expire Last Trade Trade Time Change Open Day's High Day's Low; COCOA CON1 Dec21: IUS: USD: 12/15: 2,493.", "NatWest Group plc is a founding member of the Soft Commodities Compact (The Compact (PDF 342KB)) which was set up in 2014.", "Agricultural commodities are staple crops and animals produced or raised on farms or plantations.", " These are referred to as soft commodities as they are grown rather than hard, mined, and include cotton, coffee, sugar, and cocoa and are sold for income rather than subsistence consumption.", "Soft commodity trading has been gaining more interest among traders who are looking to diversify their portfolio of stocks and bonds."], "C24": ["Capacity is the maximum output level a company can sustain to provide its products or services.", " Capacity building involves various strategies that are designed to make your business more adaptive and responsive so that it can be more successful in today's changing conditions.", "Understanding corporate capacity Relevant to LW-SGP One of the things which determines whether a transaction entered into by a company is valid and binding on the company is the company's legal capacity to enter into that particular transaction.", "Corporate Capacity The capacity utilization rate is an important indicator for companies because it can be used to assess operating efficiency and provides an insight into cost structure Cost Structure Cost structure refers to the types of expenses that a business incurs, and is typically composed of fixed and variable costs.", "Capacity management is the management of the limits of an organization's resources, such as labor force, manufacturing and office space, and inventory."], "GWELF": ["Social welfare history reflects the lives of people living, being educated, working and voting in the nation.", "'Social welfare' is a conventional term.", "The social welfare, therefore, includes those things that positively affect the quality of life: a decent job, economic resources to satisfy the needs, housing, access to education and health, time for leisure, etc.", "What Is Social Welfare? Social welfare is a broad and imprecise term that refers to different things depending on context.", "Definition: Social Welfare can be defined as the group of assistance programs designed to ensure the well being of a nation's citizens."], "C181": ["Mergers and acquisitions, or M&A for short, involves the process of combining two companies into one.", "Announced M&A in the United States by Numbers and Value by Years.", " Mergers and acquisitions (M&A) refer to transactions involving two companies that combine in some form.", "The mergers and acquisitions (M&A) process has many steps and can often take anywhere from 6 months to several years to complete.", "Mergers and takeovers (or acquisitions) are very similar corporate actions."], "E311": ["Industrial production is a measure of output of the industrial sector of the economy.", "Industrial Production in the United States increased 5.", "Industrial production is an economic indicator that is illustrated as an index.", "6 percent in October after falling 1.", "industrial production meaning: the number of products, energy, etc."], "E61": ["Housing starts are forecasted to reach 1.", "Housing starts in the US unexpectedly fell 0.", "Housing starts reached as low as 478K (on a seasonally adjusted annual rate basis) in 2009 before beginning to recover.", "Housing Starts by State and Metro Areas.", "Beginning with data for September 1992, estimates of housing starts include units in structures being totally rebuilt on an existing foundation."], "E512": ["This page contains all statistics on merchandise trade made available by the WTO Secretariat.", "Merchandise trade as a share of GDP is the sum of merchandise exports and imports divided by the value of GDP, all in curr Read more.", "This publication contains updated recommendations on methodology for compiling international merchandise trade statistics adopted by the United Nations Statistical Commission in March 1997.", "What is Merchandise Trade Statistics? Statistics in Focus / January 14, 2021.", "International merchandise trade plays a crucial role in economic development, binding producers and consumers located in different countries into a global economic system."], "C172": ["I bonds are a type of U.", "Bonds are loans made to large organizations.", "English Language Learners Definition of debt \u00b7 an amount of money that you owe to a person, bank, company, etc.", "Bonds are issued by governments and corporations when they want to raise money.", " A bond is simply a loan taken out by a company."], "C13": ["Regulation is the management of complex systems according to a set of rules and trends.", "Today, a tech industry perspective on what that regulation should look like.", "Regulation is the management of complex systems according to a set of rules and trends.", "It is the central purpose of regulation to prevent the owners of regulated enterprises from obtaining monopoly profits.", "These regulations cover all aspects of the airline industry, including the airlines themselves (carriers), as well as their equipment (aircraft) and pilots (airmen)."], "M142": ["Metals Trading Metals trading usually involves gold and silver, and sometimes platinum.", "An array of live futures contracts for precious and base metals are offered by the CME Group.", "Metal trading offers a popular way for investors to diversify their portfolios and hedge against market risks.", "The London markets for precious metals are organized on a private, over-the-counter basis, without a central exchange coordinating trading.", "The Basics of Trading Metal Commodities."], "C14": ["Direct listings allow private companies to list and sell their shares on a stock exchange to investors without having to conduct an IPO.", "The listing content on this website is protected by copyright and other laws, and is intended solely for the private, non\u2010commercial use by individuals.", "Yes, membership has its privileges! As an agent, you can sell any listings.", "what is meant by \"share listing\".", "Share of Search is a useful measure for reviewing the effectiveness of both organic and paid search marketing."], "G152": ["corporate governance practices that serve their business model and help them define \"high road\" strategies.", "jobs: Making Europe a pole of excellence on CSR\"8, which led to a greater interaction between the EU and the Alliance.", "On average, European OECD countries currently levy a corporate income tax rate of 21.", "European corporate law is a part of European Union law, which concerns the formation, operation and insolvency of corporations in the European Union.", "Policy is a deliberate system of guidelines to guide decisions and achieve rational outcomes."], "GCRIM": ["Law enforcement is the collective term for professionals who are dedicated to upholding and enforcing the laws and statutes that are currently in force in a given jurisdiction.", "General Law Enforcement Officers: Most law enforcement officers are uniformed personnel.", "The purpose of law enforcement is to protect communities, hold individuals accountable, and ensure justice.", "In ordinary language, a crime is an unlawful act punishable by a state or other authority.", " It's a stated part of our longstanding mission: \"to provide leadership and criminal justice services to federal, state, municipal, and international agencies and partners ."], "C12": [" Corporate law is a field of law interested by how companies are formed, governed, structure, restructured and ultimately dissolved.", "Corporate Personality: The distinct status of a business organization that has complied with law for its recognition as a legal entity and that has an independent legal existence from that of its officers, directors, and shareholders.", "A corporation is a legal entity created by individuals, stockholders, or shareholders, with the purpose of operating for profit.", "The law treats a corporation as a legal \"person\" that has standing to sue and be sued, distinct from its stockholders.", "Corporate law (also known as business law or enterprise law or sometimes company law) is the body of law governing the rights, relations, and conduct of persons, companies, organizations and businesses."], "GTOUR": ["Travel and Tourism Information, by State.", "Tourism is travel for pleasure or business; also the theory and practice of touring, the business of attracting, accommodating, and entertaining tourists, and the business of operating tours.", "Tourism is travel for recreational, leisure or business purposes.", "Our travel and tourism training is designed to give you the skills and knowledge to maximize career opportunities in this rapidly expanding industry.", "Travel and Tourism Industry; An complete Overview of All Activities."], "C42": ["labour, also spelled labor, in economics, the general body of wage earners.", "Labor is the process by which the fetus and the placenta leave the uterus.", "The first stage of labor happens in two phases: early labor and active labor.", "Labor is a series of continuous, progressive contractions of the uterus that help the cervix dilate and efface (thin out).", "Labor is the process by which the fetus and the placenta leave the uterus."], "G15": ["What was the first European Community? The EU and European citizenship were established when the Maastricht Treaty came into force in 1993.", "European Community (EC), former association designed to integrate the economies of Europe.", "European Community (EC), former association designed to integrate the economies of Europe.", "The European Community (EC) was created in 1957 as a way to foster trade cooperation and reduce tensions in the aftermath of World War II.", "The European Union has been given a single legal personality under this Treaty."], "E13": ["Inflation is the rate of increase in prices over a given period of time.", "Inflation is a general increase in the price level of goods and services in the economy over time.", "Nov 13, 2021Inflation is when the average price of virtually everything consumers buy goes up.", "The inflation rate is calculated using the Consumer Price Index or CPI.", "Inflation describes a general rise in the level of prices of all consumer goods and services."], "E411": ["Unemployment is the term for when a person who is actively seeking a job is unable to find work.", "Unemployment is defined as a situation where someone of working age is not able to get a job but would like to be in full-time employment.", "The unemployment rate reached 14.", " Learn how to apply for unemployment benefits, workers' compensation, welfare or temporary assistance, and other programs and services that can help if you lose your job.", "The estimator cannot tell you whether you qualify for unemployment benefits."], "GENT": ["Entertainment is a part of life.", "Entertainment is a form of activity that holds the attention and interest of an audience or gives pleasure and delight.", "Entertainment is a form of activity that holds the attention and interest of an audience or gives pleasure and delight.", "The meaning of entertainment is amusement or diversion provided especially by performers.", "The entertainment industry, along with media, is a multi-trillion dollar business that showcases the work, services, talent, and creativity of a humongous cross-spectrum of commerce."], "GFAS": ["The fashion world is booming with designs, patterns, fabrics, embellishments and colours forging forward every single day.", "Fashion is a complex, multi-meaning, constantly changing being.", "Fashion is a state of mind.", "Good fashion is a sign of a good upbringing, mindfulness, and intelligence.", "Affordable fashion is a misnomer."], "ECAT": ["Economics is the study of how we make choices in the face of scarcity and how those choices motivate behavior.", "Economics is the study of scarcity.", "Economics is the study of the production, distribution, and consumption of wealth in human society, but this perspective is only one among many different definitions.", "First, economics is a social science, so it seeks to explain something about society.", "Economics is a social science that studies the production, distribution, and consumption of goods and services."], "GWEA": ["Weather is the state of the atmosphere, describing for example the degree to which it is hot or cold, wet or dry, calm or stormy, clear or cloudy.", "Weather is the mix of events that happen each day in our atmosphere.", "Weather is the state of the atmosphere at a specific time and place, with respect to temperature, precipitation, and other factors such as cloudiness.", "Get the forecast for today, tonight & tomorrow's weather for Cedar Falls, IA.", "Weather reflects short-term conditions of the atmosphere while climate is the average daily weather for an extended period of time at a certain location."], "E121": [" The money supply measures the total amount of money in the economy at a particular time.", "The money supply is the entire stock of currency and other liquid instruments in a country's economy as of a particular time.", "In macroeconomics, the money supply refers to the total volume of money held by the public at a particular point in time in an economy.", "Money Supply M2 in the United States increased to 20982.", "In macroeconomics, the money supply refers to the total volume of money held by the public at a particular point in time in an economy."], "GVIO": ["Chichimeca War (1550-1590) - The Chichimeca war was one of many wars fought during the Spanish conquest of the Aztec civilization in modern day Mexico.", "WAR is a simple attempt to combine a player's total contribution into a single value.", "Answer (1 of 11): For the second part of the question I don't believe that different cultures or military theorists fundamentally differ on definitions of war but rather the means for a general or leader to approach war.", "WAR measures a player's value in all facets of the game by deciphering how many more wins he's worth than a replacement-level player at his same position (e.", "In functional terms, war can be seen as organised large-scale violence, both organised and large-scale."], "E143": ["Roger Corbett: A former CEO and managing director of Woolworths, a major Australian retailer.", "Retail is the sale of goods and services to consumers, in contrast to wholesaling, which is sale to business or institutional customers.", "Retail is a very broad term that encompasses a huge industry, employing millions of people and generating trillions of dollars per year in sales revenue.", "Retail, by definition, is the sale of goods or service from a business to a consumer for their own use.", "Retail is the sale of goods and services to consumers, in contrast to wholesaling, which is sale to business or institutional customers."], "GSCI": ["Advances in science and technology can quickly become indispensable in our daily lives and to the nation as a whole.", "The words science and technology can and often are used interchangeably.", "Science encompasses the systematic study of the structure and behaviour of the physical and natural world through observation and experiment, and technology is the application of scientific knowledge for practical purposes.", "Science & Technology - Introduction.", "Science and technology studies are the study of how society, politics, and culture affect scientific research and technological innovation, and vice versa."], "GDIS": ["Disasters are serious disruptions to the functioning of a community that exceed its capacity to cope using its own resources.", "Disasters are serious disruptions to the functioning of a community that exceed its capacity to cope using its own resources.", "Top Ten Worst Disasters in the World .", "Natural Disasters \u00b7 Tornadoes and Severe Storms \u00b7 Hurricanes and Tropical Storms \u00b7 Floods \u00b7 Wildfires \u00b7 Earthquakes \u00b7 Drought.", "Understanding Disasters As per the Oxford dictionary a disaster is \"a sudden accident or a natural catastrophe that causes great damage or loss of life\"1."], "C33": ["A contract is a legally binding agreement that defines and governs the rights and duties between or among its parties.", "A contract is an agreement between two entities or individuals, which serves as legal protection for both parties involved in a potential business deal.", "A contract is a binding promise between two competent parties that is enforceable by law.", "Contracts are the mechanism by which people (and companies) create a legally valid or enforceable agreement between themselves.", "What is a Contract? An agreement between two private parties that creates mutual legal obligations."], "C23": ["Development is the translation of research findings or other knowledge into a plan or design for a new product or process or for a significant improvement to an existing product or process whether intended for sale or use.", "Research and development is a systematic activity that combines basic and applied research in an attempt to discover solutions to new or existing problems, or to create or update goods and services.", "Research and development, known in Europe as research and technological development, is the set of innovative activities undertaken by corporations or governments in developing new services or products and improving existing ones.", "Jun 14, 2018Without research, however, development is slower, more cumbersome, and less effective.", "The first stage of the product lifecycle is R&D: Research and Development."], "E41": ["\"Employment\" is not a simple term denoting the mere holding of a job for which a wage is paid, or the operating of one's own business.", "Employment is an agreement between an employer and an employee that the employee will provide certain services.", "\"Employment\" is not a simple term denoting the mere holding of a job for which a wage is paid, or the operating of one's own busi\u00adness.", "Employment is a paid work agreement between an employer and an employee.", "Full employment is an economic situation in which all available labor resources are being used in the most efficient way possible."], "GODD": ["Human interest definition, a quality of a story or report, as in a newspaper or on a newscast, that engages attention and sympathy by enabling one to identify readily with the people, problems, and situations described.", "details about people's experiences and feelings: I like newspapers with lots of human interest stories in them.", "Human Interest is a popular 401(k) provider for small and medium-sized businesses.", "Human Interest is an affordable, full-service 401(k) and 403(b) provider that makes it easy for small and medium-sized businesses to help their employees save for retirement.", "In journalism, a human interest story is a feature story that discusses a person or people in an emotional way."], "CCAT": ["The industry is a category of active enterprises and organizations which produce or sell products, services, or sources of revenue.", "A corporation is an organization\u2014usually a group of people or a company\u2014authorized by the state to act as a single entity and recognized as such in law for certain purposes.", "US Spotlight Reports contain 10 to 20 pages of industry data, charts and tables accompanied by bite-sized analysis.", "A corporation is an institution that is recognized as a separate legal entity with detached accountability.", "A corporation is a business that's recognized as a separate tax entity from its owners or shareholders."], "C18": ["An S corporation is a domestic corporation that has elected S corporation status by filing the Election by a Small Business Corporation with the U.", "Voting rights allow the owner to control a portion of the company through ownership.", "Ownership Changes That May Limit a Corporation's Net Operating Loss and Credit Carryforwards SUMMARY Under Sections 382 and 383 of the Internal Revenue Code, a corporation's use of net operating losses and certain credits is limited if there is an \"ownership change.", "Yes, a business can be transferred to another person, by sale, reapportionment of multiowner businesses or lease-purchase.", "The business was formed as a corporation, and you are selling the company to a new owner."], "G151": ["The European Single Market, Internal Market or Common Market is a single market comprising the 27 member states of the European Union as well as \u2013 with certain exceptions \u2013 Iceland, Liechtenstein, and Norway through the Agreement on the European Economic Area, and Switzerland through bilateral treaties.", "One of the greatest achievements of the European Union is the internal market.", "European internal trade worth 3 trillion euro.", "The European Single Market is an entity created by a trade agreement between participating states.", "Single Market: The European Single Market is an entity created by a trade agreement between participating states."], "C21": ["Difference between Product and Service Product vs Service People require different services and products to satisfy various needs and wants.", "Service products are consumed at the same time they are being produced.", "What are Products and Services? A product is a tangible item that is put on the market for acquisition, attention, or consumption, while a service is an intangible item, which arises from the output of one or more individuals.", "Upgrade to Microsoft 365 to use the latest apps and services on multiple PCs, Macs, and devices.", "The line between products and services is extremely blurred."], "C171": ["Share capital involves money and property that a company receives through equity financing.", "Share capital, then, is the total money put into the business - the nominal value of the shares you've issued.", "The company can issue share capital based on the requirement, but it must not be more than the limits prescribed for the authorised share capital.", "Share capital is the money invested in a company by the shareholders.", "Share capital is the money a company raises by issuing shares of common or preferred stock."], "GREL": ["Religion is \"the sense and taste for the infinite.", "religion: [noun] the state of a religious.", "In the simplest sense, religion describes \"the relationship of human beings to what they regard as holy, sacred, spiritual or divine\".", "There are many definitions of religion.", "Religion is a set of organized beliefs, practices, and systems that most often relate to belief and worship of a controlling force such as a personal god or another supernatural being."], "E12": ["monetary: [adjective] of or relating to money or to the mechanisms by which it is supplied to and circulates in the economy.", "Monetary policy is the domain of a nation's central bank.", " monetary synonyms, monetary pronunciation, monetary translation, English dictionary definition of monetary.", "Money is any item or verifiable record that is generally accepted as payment for goods and services and repayment of debts, such as taxes, in a particular country or socio-economic context.", "The meaning of monetary is of or relating to money or to the mechanisms by which it is supplied to and circulates in the economy."], "GMIL": ["The 15 Global Challenges: \u00b7 1.", "The Seven Millennium Prize Problems are the most well-known and important unsolved problems in mathematics.", " Yang-Mills and Mass Gap.", "What Is the Millennium? \"The Millennium is a thousand-year reign of peace, and the Lord Jesus Christ will be King.", "Millennium Challenge Corporation: Overview and Issues Congressional Research Service 1 Introduction The Millennium Challenge Corporation (MCC), established in 2004, arose out of a widespread frustration with then-existing foreign aid programs."], "C22": ["New products are goods and services that differ significantly in their characteristics or intended uses from products previously produced by the firm.", "New product development is the process of converting an idea into a workable software product.", "[UPDATED] A majority of ecommerce stores fail because they can't find trending products to sell online.", "Here are the best products of CES 2021.", " Christmas Pajamas for Family Onesies,Family Matching Christmas,Family Xmas Pjs Sets Jumpsuits Christmas Pjs (Black-B, 3 M) 1."], "E71": ["Leading indicators are trickier to measure than lagging indicators.", " A leading indicator is any measure or observable variable that corresponds with a future change in another variable of interest.", "A leading indicator is a technical indicator that uses past price data to forecast future price movements in the market.", "Leading indicators are proactive, preventive and predictive measures that provide information about the effective performance of your safety and health activities.", "Leading indicators help you build a broad understanding of performance, but they aren't always accurate."], "E313": ["Inventory is goods and items bought by your customers.", "A personality inventory is a self-assessment tool that career counselors and other career development professionals use to help people learn about their personality types.", "Inventory is an asset that is intended to be sold in the ordinary course of business.", "What Does Inventory Mean? What is the definition of inventory? First, the assets must be part of the company's primary business.", "Inventory is a major asset for any manufacturing or trading business, so it's important for business owners to understand what it really means."], "E14": ["Answer (1 of 5): Dear James, thank you for the question.", "A consumer finance loan, or CFL, is a type of subprime loan given to borrowers by consumer finance companies.", "Consumer finance is the any type of lending activity in which a lender extends credit to a consumer.", "Consumer lending provides financing for personal, family, or household purposes.", "\"Consumer Finance Accounts\" according to FICO, and probably other scoring systems, are NOT the normal CC, Auto Loans, etc."], "G153": ["European support to farm incomes has decreased substantially over the past 20 years, according to this report.", "The common agricultural policy is about our food, the environment and the countryside.", "Agricultural policy is a big deal in terms of EU spending - only development aid for poorer regions can compare - but perhaps less so when compared to the UK's national budget.", "The Common Agricultural Policy (CAP) is the agricultural policy of the European Union.", "The Common Agricultural Policy (CAP) plays a major role in defining the activities of the food and farming sector in Europe and how it is financed."], "G157": ["A unique guide that examines European competition laws at the member-state and community levels.", "Over 76% of the EU budget is managed in partnership with national and regional authorities through a system of \"shared management\", largely through 5 big funds - the Structural & Investment Funds.", "The European Union (EU) offers grants or subsidies in several fields.", "The European Commission's June 2020 White Paper outlined its initial plans for a subsidies regime.", "The new competition will start in 2021 and is aimed at giving more clubs in more countries a chance to participate in European football."], "C32": ["A: Advertising is the technique and practice brands use to bring products and services to the public's notice for the purpose of getting them to respond to what a brand has to offer \u2014 whether product, service, cause, or idea.", "What is advertising? Advertising is the process of promoting the sale or promotion of any product or service.", "Definition: Advertising is a means of communication with the users of a product or service.", "Advertising is a marketing tactic involving paying for space to promote a product, service, or cause.", "Advertising is a marketing communication that employs an openly sponsored, non-personal message to promote or sell a product, service or idea."], "G155": ["The institutions of the European Union are the seven principal decision-making bodies of the European Union (EU).", "The main European Institutions are: the European Council, the European Commission, the Council of the European Union and the European Parliament.", "Only one institution, the European Parliament, is democratically elected by the citizens of the Member States.", "The institutions of the European Union are the seven principal decision-making bodies of the European Union.", "The EU Agency for Fundamental Rights (FRA) provides independent, evidence-based advice to EU and national decision makers, thereby helping to make debates, policies and legislation on fundamental rights better informed and targeted."], "C312": ["An external market is a market for investment opportunities which are offered outside the jurisdiction of a specific country.", "External marketing sources are sources of marketing information that are obtained from outside your company.", " I think that what nyydynasty suggests will allow you to download and side-load APK files that you might get from locations other than the Amazon store.", "The external marketing environment consists of social, demographic, economic, technological, political and legal, and competitive variables.", "external marketing, people usually are talking about one of two things."], "C17": ["What Is Capital? \u00b7 Financial assets held in a bank account or brokerage account.", " In the economic sense, capital comes in many forms: currency, equipment, facilities, land or even people.", "In economics, capital consists of assets used for the production of goods and services.", "The capital of a business is the money it has available to pay for its day-to-day operations and to fund its future growth.", "Capital is a much broader term that includes all aspects of a business that can be used to generate revenue and income, i."], "M14": [" Commodity futures prices and option prices for agricultural commodities at key exchanges.", " Their activities affect market behavior through market structure comparisons and the determination of inflation causes for commodity prices.", "A commodity market is a place where you can buy, sell, or trade these raw products.", "Commodity Markets Center Use the chart below to check futures prices for commodities.", "A commodity market is a physical or virtual marketplace for buying, selling, and trading commodities."], "E21": ["The Government Finance Officers Association (GFOA), founded in 1906, represents public finance officials throughout the United States and Canada.", "The Government Finance Officers Association of the United States and Canada honored the city's accomplishments, which represent the highest form of achievement in the field of governmental accounting and financial reporting.", "Government finances include revenues, expenditures (spending), debt, and assets (cash and security holdings).", "What is Public Finance? Public finance is the management of a country's revenue, expenditures Expenditure An expenditure represents a payment with either cash or credit to purchase goods or services.", " Government spending is financed primarily through two sources: 1."], "C11": ["Corporate strategies are arguably the most essential and broad ranging strategy level within organizational strategy.", "Definition: Corporate strategy encompasses a firm's corporate actions with the aim to achieve company objectives while achieving a competitive advantage.", "Corporate Strategy is different than business strategy, as it focuses on how to manage resources, risk, and return across a firm, as opposed to looking at competitive advantages.", "An efficient business is a profitable business.", "What is corporate strategy? The art of ensuring that the value of the enterprise as a whole is more than the sum of its parts."], "GCAT": ["What is society? Society requires teamwork.", "A society is a group of individuals involved in persistent social interaction, or a large social group sharing the same spatial or social territory, typically subject to the same political authority and dominant cultural expectations.", " According to sociologists, a society is a group of people with common territory, interaction, and culture.", "A society is a grouping of individuals, which is characterized by common interest and may have distinctive culture and institutions.", " A society is a body of individuals outlined by the bounds of functional interdependence, and may include characteristics such as national or cultural identity, social solidarity, language, or hierarchical structure."], "GPRO": ["Unsure of what to include in a biography? Whether about yourself or someone else, write one easily with these key parts of a biography.", "A biography is a record of a person's life.", "What is a Biography? As you come close to the writing of a biography, the tale of a selected topic's life may unravel in a number of sentences or involve a longer dedication totaling hundreds of pages of details.", "most accurate biographies are based on historical evidence.", "In this way, biography differs from the rest of nonfiction."], "E142": ["Credit is the trust which allows one party to provide money or resources to another party where that second party does not reimburse the first party immediately, but instead promises either to repay or return those resources at a later date.", "Consumer credit is money that consumers have borrowed from banks, financial institutions, or other businesses to make purchases.", "In general terms, consumer credit is debt that is taken on by individuals who intend to spend the funds right away.", "Consumer Credit Law & Practice in the U.", "In general terms, consumer credit is debt that is taken on by individuals who intend to spend the funds right away."], "E211": [" Revenue is the top line of the income statement whereas the profit is the bottom line.", "Definition: An expenditure is funds used by a business, organization, or corporation to attain new assets, improve existing ones, or reduce a liability.", "An expenditure is a payment or the incurrence of a liability in exchange for goods or services.", "In accounting, revenue is the total amount of income generated by the sale of goods and services related to the primary operations of the business.", "Expenditure refers to payments made or liabilities incurred in exchange for goods or services."], "C41": ["Corporate performance management (CPM) is an umbrella term that describes the methodologies, metrics, processes and systems used to monitor and manage the business performance of an enterprise.", "Corporate management deals with the process of leading, administrating and directing a company.", "The Corporate Management of the business refers to the managers and executives that as the primary leaders of the company.", "Corporate managers oversee various segments of business operations in a company.", "Key performance management information is also drawn together at a corporate level through the Corporate Management Team, and reported through to the Performance Board, Scrutiny and Full Council."], "MCAT": ["Stay on top of the changing U.", "A set up where two or more parties engage in exchange of goods, services and information is called a market.", "A market is an arrangement between buyers and sellers to exchange goods or services for money.", "A market is any place where makers, distributors or retailers sell, and consumers buy.", " The business market is the process of selling your product and services to other businesses, where those products and services will either be used as a raw material for the manufacturing of other products."], "C151": ["A company's earnings are its after-tax net income, meaning its profits.", "You must confirm your account link once full syncing is complete by tapping on confirm.", "The IRS would collect the total sum of deposits and withdrawals from bank accounts with more than $10,000 in non-payroll income.", "This means that the balances in the income statement accounts will be combined and the net amount transferred to a balance sheet equity account.", "Revenue or income accounts represent the company's earnings and common examples include sales, service revenue and interest income."], "Root": ["nondescript: [adjective] belonging or appearing to belong to no particular class or kind : not easily described.", "The meaning of no is \u2014used to give a negative answer or reply to a question, request, or offer.", "descriptions be knowledgeable of requirements for the preparation of the various types of land descriptions.", "Input field has no description .", "Answer (1 of 2): Aadhaar is an organization in India."], "E312": ["Answer (1 of 2): First, let's think about a single firm that manufactures widgets.", "Capacity utilization is the percentage of capacity that is actually used.", "Capacity Utilization in the United States increased to 76.", "Actual utilization is determined by the actual time charged to the allocated work.", "Capacity utilization or capacity utilisation is the extent to which a firm or nation employs its installed productive capacity."], "G158": ["ECFR conducts research and promotes informed debate across Europe on the development of a coherent and effective European foreign policy.", "Although there has been a large degree of integration between European Union member states, foreign relations is still a largely intergovernmental matter, with the 27 members controlling their own relations to a large degree.", " Budding diplomats should consider working as an external relations officer for the EU.", "Our external action in Europe and in the Mediterranean Basin falls into four main fields: Enlargement; Eastern European neighbours, and Russia; Southern European neighbours - Euromed; European Economic Area; The rest of the world.", "EEAS Building, 9A Rond Point Schuman 1046 Brussels Belgium."], "M131": ["A recent study by the Money and Banking Research Institute found that regulating the money market through the interbank market is a preferred method for the CBI to monitor the liquidity flow in the economy.", "The interbank market is the top-level foreign exchange market where banks exchange different currencies.", "The interbank market follows a floating rate system Floating Exchange Rate A floating exchange rate is an exchange rate system where a country's currency price is determined by the foreign exchange market, depending, meaning the exchange rate \"floats\" or adjusts on its own time based on the supply and demand of currency trades.", "The interbank market is a network of international banks operating in financial centers around the world.", "The interbank market is a global financial market for exchanging currencies."], "C331": ["Defence Contracts International strives to help buyers and suppliers in the defence industry work more effectively together across private and public sector procurement.", "What Is an Affirmative Defense to a Breach of Contract Claim? Most defenses to a breach of contract claim are referred to as \"affirmative defenses.", "The Defence Contracts Online (DCO) portal is the official source of MOD contracts opportunities over \u00a310,000.", "There is no central repository for all DoD contracts.", " Learn more about recent government defense contracting awards, announcements, and acquisition news from the Department of Defense."], "C173": ["Revolving loans or lines can be spent, repaid, and spent again, while term loans are fixed-rate, fixed-payment loans.", " Most banks, online and on Main Street, offer personal loans, and the proceeds may be used for virtually anything from buying a new 4K 3D smart TV to paying bills.", "A secured loan is a form of debt in which the borrower pledges some asset (i.", "A loan is an amount of money you borrow from a bank, financial institution, online lender or even a person such as a family member.", "Loans guaranteed by SBA range from small to large and can be used for most business purposes, including long-term fixed assets and operating capital."], "GDEF": ["Polaris Government & Defense is a trusted partner of government organizations, the U.", " Contact: Contact the Department of Defense (public inquiries) Local Offices: Find Military Installations.", "The Defense Finance and Accounting Service oversees payments to Department of Defense servicemembers, employees, vendors and contractors.", "The Department of Defense is America's largest government agency.", "Defence R&D is a major component of government-sponsored R&D in many developed economies, and the effect of defence R&D expenditures on private sector innovation and economic growth has been a hotly debated topic for many years."], "E513": ["In financial accounting, \"reserve\" always has a credit balance and can refer to a part of shareholders' equity, a liability for estimated claims, or contra-asset for uncollectible accounts.", "Reserves for all nonprofit organizations are a result of accumulated earnings over a period of time.", "Wednesday Scramble: Last-minute buying and selling of eligible reserves that takes place between U.", "Reserve funds do not have any legal restrictions so that the company can use it for any purpose.", "Reserve funds are used for large-scale maintenance and repairs of assets in the association."], "G159": ["This publication is a guide to the European Union (EU) and what it does.", "TARIC, the integrated Tariff of the European Union, is a multilingual database integrating all measures relating to EU customs tariff, commercial and agricultural legislation.", "The European Court of Justice \u00b7 Composition The ECJ consists of 28 judges, one from each of the Member States.", "Seated in the Kirchberg quarter of Luxembourg City, Luxembourg, this EU institution consists of two separate courts: the Court of Justice and the General Court.", "The European Community (EC) was formed in 1957 by six European countries with the goal of providing economic stability and preventing future wars."], "G154": ["The European Economic and Monetary Union (EMU) combines several of the European Union member states into a cohesive economic system.", "The European Monetary System (EMS) refers to an arrangement established in 1979, whereby members of the European Economic Community (now the.", "The European Monetary System (EMS) refers to an arrangement established in 1979, whereby members of the European Economic Community (now the European Union.", "Price stability is the best contribution that monetary policy can make to economic growth.", "The European Monetary Union is also known by its long-time acronym of EMU."]}