{
    "GHEA": [
        "1 : the condition of being well or free from disease We nursed him back to health.",
        "Health is a state of complete physical, mental and social well-being and not merely the absence of disease or infirmity.",
        "Health, according to the World Health Organization, is \"a state of complete physical, mental and social well-being and not merely the absence of disease and infirmity\".",
        "Health is not a \u201cstate of complete physical, mental, and social well-being\u201d.",
        "Health is a state of physical, mental and social well-being, not just the absence of disease or infirmity.",
        "What Is Health? Health is living long and well.",
        "Today, three types of definition of health seem to be possible and are used."
    ],
    "C34": [
        "Definition: Competition, in economics, is defined as the effort of enterprises to be leaders in their industry and increase their market share.",
        "Competition in economics happens when a market has a sufficient number of buyers and sellers so that prices remain low.",
        "In economics, competition is a scenario where different economic firms are in contention to obtain goods that are limited by varying the elements of the marketing mix: price, product, promotion and place.",
        "competition, basic factors in the structure of economic markets.",
        "Firms may race to be the first to market a new or different technology.",
        "Competition is the battle between businesses to win consumer acceptance and loyalty.",
        "Economic competition takes place in markets\u2014meeting grounds of intending suppliers and buyers."
    ],
    "E51": [
        "Trade broadly refers to the exchange of goods and services, most often in return for money.",
        "Trade is the buying and selling of goods and services.",
        "Trade involves the transfer of goods or services from one person or entity to another, often in exchange for money.",
        "Trade is the action of buying-selling or exchanging goods and services between people, companies, countries and other entities."
    ],
    "GSPO": [
        "sports, physical contests pursued for the goals and challenges they entail.",
        "A game is a physical or mental activity or contest that has rules and that people do for pleasure.",
        "Sport deals with the struggle between individuals or teams.",
        "A sports film is a film genre that uses sport as the theme of the film."
    ],
    "E131": [
        "The consumer price index, which is a basket of products ranging from gasoline and health care to groceries and rents, rose 6.",
        "The CPI reflects spending patterns for each of two population groups: all urban consumers and urban wage earners and clerical workers.",
        "The Consumer Price Index (CPI) for food is probably the most widely used indicator of changes in retail food prices.",
        "A consumer price index is a price index, the price of a weighted average market basket of consumer goods and services purchased by households."
    ],
    "E511": [
        "The balance of payments tracks international transactions.",
        "The balance of payments of a country is the difference between all money flowing into the country in a particular period of time (e.",
        "The balance of payments (BOP) is an accounting of a country's international transactions for a particular time period.",
        "A country's balance of payments tells you whether it saves enough to pay for its imports.",
        "The balance of payments of a country is the difference between all money flowing into the country in a particular period of time and the outflow of money to the rest of the world.",
        "The balance of payments summarises the economic transactions of an economy with the rest of the world."
    ],
    "GPOL": [
        "Foreign Policies are designed with the aim of achieving complex domestic and international agendas.",
        "Domestic policy are administrative decisions that are directly related to all issues and activity within a state's borders.",
        "Domestic political activities, events, and situations happen or exist within one particular country.",
        "The questions that dominated domestic politics in the late nineteenth century appear rather mundane \u2014 monetary policy, civil service reform, and the tariff."
    ],
    "E132": [
        "Wholesale price is the price charged for a product as sold in bulk to large trade or distributor groups as opposed to what is charged to consumers.",
        "A wholesale price reflects the cost of an item when it's sold in bulk to larger groups or distributors, as opposed to the price that a consumer might get.",
        "The price paid for large quantities of products, often from a wholesaler.",
        "Wholesale pricing is the prices used for a transaction of goods in bulk (large volumes).",
        "I think we can agree that wholesale price is the price charged by one business to another business.",
        "Wholesale pricing involves setting a price for goods at the wholesale stage of selling.",
        "Wholesale price is the cost a wholesaler or distributor pays a manufacturer for their goods.",
        "Wholesale pricing is what you charge retailers who buy products in large volumes."
    ],
    "E212": [
        "In the current fiscal, the government has decided to stay with the borrowing programme as announced in the Budget 2019.",
        "When the Government borrows money, it doesn't go to the bank and apply for a loan.",
        "Rather than borrowing from banks, the government typically borrows from the 'market' \u2013 primarily pension funds and insurance companies.",
        "The government borrows money by selling bonds.",
        "government borrowing meaning: money that the government borrows to spend on public services: .",
        "Public debt is the total of all borrowing of a government, minus repayments denominated in a country's home currency.",
        "In public finance, government debt, also known as public interest, public debt, national debt and sovereign debt, is the total amount of debt owed at a point in time by a government or sovereign state to lenders."
    ],
    "E11": [
        "Economic growth is the increase in the value of an economy's goods and services, which creates more profit for businesses.",
        "Economic growth is an increase in the production of economic goods and services, compared from one period of time to another.",
        "The performance of an economy is usually assessed in terms of the achievement of economic objectives.",
        "Economic growth describes an increase in the quantity and quality of the economic goods and services that a society produces.",
        "For liabilities related to services, economic performance occurs when the services are rendered.",
        "Key factors that show economic performance - GDP, inflation, employment, balance of payments.",
        "The performance of production measures production's ability to generate income.",
        "Thus, economic performance with respect to the $130,000 X pays Z occurs in 1998.",
        "Definition: Those issues dealing with the amount and value of money, wealth, debt, and investment."
    ],
    "C31": [
        "Marketing is the process of getting potential clients or customers interested in your products and services.",
        "Marketing is the process of getting people interested in your company's product or service.",
        "Marketing refers to activities a company undertakes to promote the buying or selling of a product or service.",
        "Marketing refers to the activities of a business related to buying and selling a product or service.",
        "Marketing is the effort made to get your product or service noticed in a positive light by your audience.",
        "At a fundamental level, marketing is the process of understanding your customers, and building and maintaining relationships with them."
    ],
    "C411": [
        "Moves management is a term used primarily with the non-profitnon-profitA nonprofit organization (NPO), also known as a non-business entity, not-for-profit organization, or nonprofit institution, is a legal entity organized and operated for a collective, public or social benefit, in contrast with an entity that operates as a business aiming to generate a profit for its owners.",
        "Simply stated, move management is the process of moving one or more employees from one location to another or in and out of your organization.",
        "Moves management is a term used primarily with the non-profit sector in relationship to donor development.",
        "Move management is coordinating the phases of a move to ensure seamless execution.",
        "The moves management process involves donor cultivation, donor solicitation and donor stewardship.",
        "Moves Management is the process of managing donor relationships.",
        "Move management is the process of planning a move and developing a timeline for all the steps you need to take to put that plan into action."
    ],
    "C311": [
        "A domestic market, also referred to as an internal market or domestic trading, is the supply and demand of goods, services, and securities within a single country.",
        "A domestic market is a financial market within a given country for products and services.",
        "This refers to the supply and demand of goods and services within one country.",
        "The domestic market, also known as the internal market or home market, is where goods and services are bought and sold within the borders of a country.",
        "The supply and demand for a good, service, or security in a particular country."
    ],
    "GOBIT": [
        "Even the most sensational obituaries should include key details about the person's life and death.",
        "The purpose of an obituary is to notify the public of an individual's passing and relay the details of the services.",
        "An obituary is a news article that reports the recent death of a person, typically along with an account of the person's life and information about the upcoming funeral.",
        "An obituary is a public, written piece announcing someone's death.",
        "Unlike death notices, which the family writes, obituaries are usually written by the newspaper's editors or reporters.",
        "An obituary is an announcement that someone has passed away, that is often printed in a newspaper or published online.",
        "An obituary should be informative.",
        "They preserve vital history that will live on long after we're gone."
    ],
    "M13": [
        "Money market accounts work like a savings account, where you can deposit and withdraw money into it.",
        "The money market is a component of the economy which provides short-term funds.",
        "A money market fund is a type of fixed income mutual fund that invests in debt securities characterized by their short maturities and minimal credit risk.",
        "The money market consists of financial institutions and dealers in money or credit who wish to either borrow or lend.",
        "A money market account is a savings account that may also have debit card and check-writing privileges.",
        "Money market consists of various financial institutions and dealers, who seek to borrow or loan securities."
    ],
    "M12": [
        "A bond market is a place where debt securities are traded.",
        "Bond traders specialize in a certain type of bond\u2014Treasuries, municipal bonds, or corporate bonds.",
        "The bond market is a financial market where participants can issue new debt, known as the primary market, or buy and sell debt securities, known as the secondary market."
    ],
    "C313": [
        "Market share is the percentage of a certain market that an individual company's sales are responsible for.",
        "Definition: Out of total purchases of a customer of a product or service, what percentage goes to a company defines its market share.",
        "Market share is the percentage of an industry's sales that a particular company owns.",
        "Market share is the percentage of the total revenue or sales in a market that a company's business makes up.",
        "Market share refers to the portion or percentage of a market earned by a company or an organization.",
        "Market share refers to the company's percentage of the entire sales of the market or industry in which it operates."
    ],
    "M143": [
        "Energy markets are auctions that are used to coordinate the production of electricity on a day-to-day basis.",
        "Energy markets are commodity markets that deal specifically with the trade and supply of energy.",
        "A wholesale market is where electricity is sold between utility providers and traders of electricity before being sold to the consumer.",
        "Suppliers buy energy in the wholesale market and sell it on to customers.",
        "Every company and every household needs energy.",
        "The PJM Energy Market procures electricity to meet consumers' demands both in real-time and in the near-term."
    ],
    "M132": [
        "The foreign exchange market or forex market is the market where currencies are traded.",
        "The forex market is a global electronic network of banks, brokers, hedge funds, and other traders.",
        "Forex is the foreign exchange market, traded 24 hours a day, 5 days a week by banks, institutions, and individual traders.",
        "Forex, also known as foreign exchange or FX trading, is the conversion of one currency into another.",
        "The foreign exchange market is a global decentralized or over-the-counter market for the trading of currencies.",
        "The foreign exchange market (dubbed forex or FX) is the market for exchanging foreign currencies.",
        "foreign exchange market (forex, or FX, market), institution for the exchange of one country's currency with that of another country."
    ],
    "C152": [
        "Business forecasting refers to the tools and techniques used to predict developments in business, such as sales, expenditures, and profits.",
        "Appropriate for junior/senior and graduate level courses in Forecasting found in Economics or Statistics departments.",
        "While budgets are usually made for an entire year, forecasts are usually updated monthly or quarterly.",
        "Business forecasting is a method to predict the future\u2014the future of narrowly defined economic conditions, that is.",
        "Forecasting is a decision-making tool used by many businesses to help in budgeting, planning, and estimating future growth."
    ],
    "C15": [
        "You can think of corporate performance as the collaborative accomplishments, successes, and failures of an organization.",
        "Corporate performance management (CPM) is the framework methodology to measure an organization's success in its strategy.",
        "Corporate Performance Management (CPM) refers to a tool used by corporations to formulate organizational strategies through prescribed methodologies.",
        "Business performance management is a set of performance management and analytic processes that enables the management of an organization's performance to achieve one or more pre-selected goals."
    ],
    "C183": [
        "Privatization can mean different things including moving something from the public sector into the private sector.",
        "privatization, transfer of government services or assets to the private sector.",
        "Privatization describes the process by which a piece of property or business goes from being owned by the government to being privately owned.",
        "Definition: The transfer of ownership, property or business from the government to the private sector is termed privatization.",
        "Privatization (or privatisation in British English) can mean different things including moving something from the public sector into the private sector.",
        "Privatization is the process of transferring an enterprise or industry from the public sector to the private sector.",
        "A look at the arguments for and against privatisation (selling state-owned assets to the private sector)."
    ],
    "GDIP": [
        "International Relations introduce you to the world of politics and the social-historical impact of global development.",
        "International relations (IR), international affairs (IA) or international studies (IS) is the scientific study of interactions between sovereign states.",
        "An international relations major studies how the world works and the way politics, culture and economics impact the global system.",
        "International relations, international affairs or international studies is the scientific study of interactions between sovereign states.",
        "International relations is the study of the interactions of different nations and organizations around the world.",
        "international relations, the study of the relations of states with each other and with international organizations and certain subnational entities (e.",
        "It's important to remember that international relations is not just about politics either."
    ],
    "C1511": [
        "The annual report to shareholders is a document used by most public companies to disclose corporate information to their shareholders.",
        "What is an annual report? A annual report is an in-depth overview of a business's achievements and financial statements from the preceding year.",
        "An annual report is a comprehensive report on a company's activities throughout the preceding year.",
        "An annual report is a comprehensive report detailing a company's activities throughout the preceding year."
    ],
    "E31": [
        "Output in economics is the \"quantity of goods or services produced in a given time period, by a firm, industry, or country\", whether consumed or used for further production.",
        "In economics, output is defined as the quantity of goods or services produced in a certain period of time by a firm, industry, or country.",
        "Economic output refers to the amount of goods and services which a nation, industry, or company creates over a set time period.",
        "Economic output is the total value of all goods and services produced in an economy."
    ],
    "GJOB": [
        "not be able to work (due to other commitments or constraints) to have some source of income.",
        "\"The labor problem\" is the economics term widely used toward the turn of the 20th century with various applications.",
        "The term international labor issues refers to violations of workers' rights that recur consistently throughout the world.",
        "Labor Unions; Employment Discrimination; Immigration.",
        "We provide guidance and support to address a range of issues, including child labour, forced labour and discrimination."
    ],
    "C174": [
        "A credit rating is an evaluation of the credit risk of a prospective debtor, predicting their ability to pay back the debt, and an implicit forecast of the likelihood of the debtor defaulting.",
        "A credit rating is a measurement of a person or business entity's ability to repay a financial obligation based on income and past repayment histories.",
        "Generally speaking, a credit score is a three-digit number ranging from 300 to 850.",
        "The base FICO\u00ae Scores range from 300 to 850, and FICO defines the \"good\" range as 670 to 739."
    ],
    "C16": [
        "In accounting, insolvency is the state of being unable to pay the debts, by a person or company, at maturity; those in a state of insolvency are said to be insolvent.",
        "Liquidity refers to the amount of money an individual or corporation has on hand and the ability to quickly convert assets into cash.",
        "Liquidity is a company's ability to raise cash when it needs it.",
        "Definition: Liquidity means how quickly you can get your hands on your cash.",
        "A taxpayer is insolvent when his or her total liabilities exceed his or her total assets.",
        "Liquidity is the degree to which a security can be quickly purchased or sold in the market at a price reflecting its current value.",
        "Generally speaking, insolvency refers to situations where a debtor cannot pay the debts she owes.",
        "Insolvency refers to the situation in which a firm or individual is unable to meet financial obligations to creditors as debts become due.",
        "Insolvency is the inability to pay debts when they are due.",
        "Liquidity is a measure companies uses to examine their ability to cover short-term financial obligations.",
        "Liquidity refers to how easily an investment can be sold for cash.",
        "In business, economics or investment, market liquidity is a market's feature whereby an individual or firm can quickly purchase or sell an asset without causing a drastic change in the asset's price."
    ],
    "GENV": [
        "The environment is the total of all living and nonliving things in nature that affect an individual's survival and development.",
        "The environment is something you are very familiar with.",
        "What is the environment? The environment is everything around us.",
        "1 : a person's physical surroundings He lives in a comfortable rural environment.",
        "Environment definition, the aggregate of surrounding things, conditions, or influences; surroundings; milieu milieu.",
        "The natural environment or natural world encompasses all living and non-living things occurring naturally, meaning in this case not artificial."
    ],
    "E141": [
        "Personal income measures national level income to persons and nonprofit corporations.",
        "Personal income tax is the tax levied by a state (or other government entity) on an individual's income.",
        "An individual income tax (or personal income tax) is levied on the wages, salaries, investments, or other forms of income an individual or household earns.",
        "Personal Income Tax (PIT), also known as individual income tax, is a tax on employee earnings.",
        "In economics, personal income refers to an individual's total earnings from wages, investment enterprises, and other ventures."
    ],
    "GVOTE": [
        "The FEC has compiled information about elections and voting.",
        "The people we elect for President, Senators, and Representatives are public servants and work for the Federal Government.",
        "Federal Elections: How Do They Work? \u00b7 House of Representatives: Members serve for 2 years; they are elected by popular vote.",
        "election - election - Functions of elections: Elections make a fundamental contribution to democratic governance.",
        "Elections in the United Statesthe United Statesus is the Internet country code top-level domain (ccTLD) for the United States.",
        "Primary Elections - an election prior to the general election in which voters select the candidates who will run on each party's ticket."
    ],
    "M11": [
        "An equity market is a platform for purchasing and selling stocks of various listed companies.",
        "The equity market is a marketplace for traders where they buy or sell stocks.",
        "The equity or stock market is a market in which shares of companies are issued and traded, either through exchanges or over-the-counter markets.",
        "An equity market is a hub in which shares of companies are issued and traded.",
        "Equity market is a place where stocks and shares of companies are traded.",
        "Equity markets, also known as stock markets, are markets where different types of equity are traded."
    ],
    "C182": [
        "A transfer is the movement of assets, funds, or ownership rights from one place to another.",
        "If you are thinking about transferring assets to family members to reduce your income or estate taxes, you should be aware of the gift tax liability.",
        "An asset transfer occurs when one person gives ownership of an asset to another person or to a group of people.",
        "An asset transfer is a movement of an item of plant and equipment from one fund/department to another using the Asset Cost Adjust/Transfers function of the ESP Assets Management System (ESP)."
    ],
    "G156": [
        "Industrial growth in Europe hurt the environment---- and has created serious health risks.",
        "European natural capital is still being degraded by socio-economic activities such as agriculture, fisheries, transport, industry, tourism and urban sprawl.",
        "The data showed that the main environmental problems in Western Europe were: energy production/acid rain, nuclear power/waste, air pollution/climate, heavy metals, pesticides, water pollution, solid waste, and unforeseen accidents."
    ],
    "M141": [
        "Soft commodities\u2014the commodities that are grown rather than extracted or mined\u2014are surging with oil and metals.",
        "Agricultural commodities are staple crops and animals produced or raised on farms or plantations.",
        "Soft commodities, or softs, are commodities such as coffee, cocoa, sugar, corn, wheat, soybean, fruit and livestock.",
        "Soft commodities consist of products that must be grown and cared for, such as agricultural produce, livestock, and related primary products.",
        "Soft commodities are a vital part of global economies and everyday life for millions."
    ],
    "C24": [
        "In the context of company law, capacity is the extent of a company's legal ability to exercise certain acts.",
        "Capacity is the maximum output level a company can sustain to provide its products or services.",
        "This means that as a defined legal person, a company has the capacity to enter into a contract with other parties and can be held liable for its actions.",
        "Corporate Capacity describes serving as a member of the Board of Directors of the Company, an officer of the Company, or at the request of the Company as a director, officer, trustee, general partner, managing member, fiduciary, employee or agent of an Enterprise."
    ],
    "GWELF": [
        "Social welfare includes healthcare, empowerment, housing and other programs geared towards assisting the poor, unemployed and marginalized in society.",
        "Definition: Social Welfare can be defined as the group of assistance programs designed to ensure the well being of a nation's citizens.",
        "social welfare program, any of a variety of governmental programs designed to protect citizens from the economic risks and insecurities of life.",
        "A social welfare system is a scheme for providing financial aid to individuals or families in need in a society.",
        "'Social welfare' is a conventional term.",
        "A social welfare system is a government program that provides assistance to individuals and families in need.",
        "Definition of social welfare\u200b\u200b : organized public or private social services for the assistance of disadvantaged groups specifically : social work."
    ],
    "C181": [
        "Mergers and acquisitions, or M&A for short, involves the process of combining two companies into one.",
        "Mergers and takeovers (or acquisitions) are very similar corporate actions.",
        "Mergers and acquisitions are similar but have a few major differences.",
        "Mergers and acquisitions (M&A) refer to transactions between two companies combining in some form.",
        "In corporate finance, mergers and acquisitions are transactions in which the ownership of companies, other business organizations, or their operating units are transferred or consolidated with other entities."
    ],
    "E311": [
        "Energy use in the industrial sector is dominated by the production of a few major energy-intensive commodities such as steel, paper, cement, and chemicals.",
        "Meaning of industrial production in English .",
        "The index is compiled on a monthly basis to bring attention to short- term changes in industrial production,.",
        "The industrial production index (IPI) is a monthly economic indicator measuring real output in the manufacturing, mining, electric, and gas industries.",
        "Industrial production is a measure of output of the industrial sector of the economy."
    ],
    "E61": [
        "Housing starts is an economic indicator that reflects the number of privately owned new houses on which construction has been started in a given period.",
        "Housing Starts refer to the number of new residential construction projects that have begun during any particular month.",
        "Beginning with data for September 1992, estimates of housing starts include units in structures being totally rebuilt on an existing foundation.",
        "Housing starts is important because it is a leading indicator.",
        "Housing starts is a measure of new private homes built during a given month.",
        "A start is defined as excavation (ground breaking) for the footings or foundation of a residential structure."
    ],
    "E512": [
        "Merchandise or good trade are transactions involving the transfer of ownership of a tangible and moveable object from a seller to a buyer.",
        "This page contains all statistics on merchandise trade made available by the WTO Secretariat.",
        "Merchandise trade as a share of GDP is the sum of merchandise exports and imports divided by the value of GDP, all in curr Read more.",
        "In addition to the Census Bureau's merchandise trade statistics, other specialized primary data on U.",
        "Merchandise Trade is the merchandise (goods) exports and imports, globally or by product and/or country.",
        "The Merchandise Trade Balance is the difference in value between imported and exported goods.",
        "Merchandise trade shows the relation of an economy with other economies in the world in terms of goods imported and exported.",
        "This publication contains updated recommendations on methodology for compiling international merchandise trade statistics adopted by the United Nations Statistical Commission in March 1997."
    ],
    "C172": [
        "Bond definition: A bond is a loan to a company or government that pays investors a fixed rate of return over a specific timeframe.",
        "English Language Learners Definition of debt \u00b7 an amount of money that you owe to a person, bank, company, etc.",
        "Debt is money that one entity\u2014a person, business, organization, or government\u2014owes another entity.",
        "Debt is money one person, organization, or government owes to another person, organization, or government.",
        "What is Debt? \u00b7 Debt is the money borrowed by one party from another to serve a financial need that otherwise cannot be met outright.",
        "In finance, a bond is an instrument of indebtedness of the bond issuer to the holders.",
        "Bonds are issued by governments and corporations when they want to raise money.",
        "In short, bonds are debt.",
        "Debt is an obligation that requires one party, the debtor, to pay money or other agreed-upon value to another party, the creditor.",
        "Description: Debt means the amount of money which needs to be repaid back and financing means providing funds to be used in business activities.",
        "What is a corporate bond? A bond is a debt obligation, like an Iou.",
        "A bond is a debt security, similar to an IOU.",
        "At its simplest, debt is defined as money owed by one party to another."
    ],
    "C13": [
        "Government Regulation of Industry involves economic and social regulation of firm and individual behavior.",
        "Regulation is the management of complex systems according to a set of rules and trends.",
        "It is the central purpose of regulation to prevent the owners of regulated enterprises from obtaining monopoly profits.",
        "Government organizations responsible for industry oversight."
    ],
    "M142": [
        "Trading precious metals means that you'll be speculating on prices rising or falling with financial derivates like spread bets and CFDs.",
        "In economics, a commodity is an economic good, usually a resource, that has full or substantial fungibility: that is, the market treats instances of the good as equivalent or nearly so with no regard to who produced them.",
        "An array of live futures contracts for precious and base metals are offered by the CME Group.",
        "The precious metals with active commodities markets include gold, silver, platinum, and palladium."
    ],
    "C14": [
        "A direct listing is a process by which a company can go public by selling existing shares instead of offering new ones.",
        "Stock market listing is a way of raising long-term equity finance for your company by offering shares to potential investors.",
        "Direct listings provide access and opportunity for all investors, democratizing public company offerings even further than before.",
        "Direct listings allow private companies to list and sell their shares on a stock exchange to investors without having to conduct an IPO.",
        "In corporate finance, a listing refers to the company's shares being on the list (or board) of stock that are officially traded on a stock exchange."
    ],
    "G152": [
        "European corporate law is a part of European Union law, which concerns the formation, operation and insolvency of corporations in the European Union."
    ],
    "GCRIM": [
        "Crime is behavior, either by act or omission, defined by statutory or common law as deserving of punishment.",
        "In ordinary language, a crime is an unlawful act punishable by a state or other authority.",
        "A crime is a deliberate act that causes physical or psychological harm, damage to or loss of property, and is against the law.",
        "General Law Enforcement Officers: Most law enforcement officers are uniformed personnel.",
        "A crime is an offence that merits community condemnation and punishment, usually by way of fine or imprisonment.",
        "A crime is an act or instance that is considered to be against the morals or laws of society, as in Burglary and grand theft auto are crimes.",
        "The purpose of law enforcement is to protect communities, hold individuals accountable, and ensure justice.",
        "Law enforcement is the activity of some members of government who act in an organized manner to enforce the law by discovering, deterring, rehabilitating, or punishing people who violate the rules and norms governing that society."
    ],
    "C12": [
        "Corporate law is the body of law governing the rights, relations, and conduct of persons, companies, organizations and businesses.",
        "Corporate law is the body of laws, rules, regulations and practices that govern the formation and operation of corporations.",
        "Corporate law, also known as company law or corporations law, deals with corporations forming and operating.",
        "Corporate law refers to the laws, rules, and regulations that pertain to corporations."
    ],
    "GTOUR": [
        "Travel refers to the activity of going on a long journey.",
        "Tourism is travel for pleasure or business; also the theory and practice of touring, the business of attracting, accommodating, and entertaining tourists, and the business of operating tours.",
        "The World Travel & Tourism Council (WTTC) represents the Travel & Tourism sector globally."
    ],
    "C42": [
        "Labour economics seeks to understand the functioning and dynamics of the markets for wage labour.",
        "Labor economics is the study of the labor force as an element in the process of production.",
        "Labor is the process by which the fetus and the placenta leave the uterus.",
        "Labor is the amount of physical, mental, and social effort used to produce goods and services in an economy.",
        "Labor is a series of continuous, progressive contractions of the uterus that help the cervix dilate and efface (thin out).",
        "Labor meaning \u00b7 The definition of labor is physical or mental work or effort.",
        "labour, also spelled labor, in economics, the general body of wage earners."
    ],
    "G15": [
        "Since then, only two Communities have constituted the Community pillar of the European Union.",
        "The European Communities, sometimes referred to as the European Community, were three international organizations that were governed by the same set of institutions.",
        "European Community (EC), former association designed to integrate the economies of Europe."
    ],
    "E13": [
        "Inflation describes the rate of price increases of goods and services.",
        "Inflation describes a general rise in the level of prices of all consumer goods and services.",
        "In a market economy, prices for goods and services can always change.",
        "Inflation is the rate of increase in prices over a given period of time.",
        "In economics, inflation refers to a general progressive increase in prices of goods and services in an economy."
    ],
    "E411": [
        "Unemployment occurs when someone is able to work and wants to work, but is unable to find employment.",
        "Unemployment Insurance (UI) was established in 1935 and has been a fixture in the ."
    ],
    "GENT": [
        "Entertainment is something that holds the attention and interest of an audience, or gives pleasure and delight.",
        "Entertainment is a form of activity that holds the attention and interest of an audience or gives pleasure and delight.",
        "Activity, performances or events that entertain people.",
        "Entertainment is a form of activity that holds the attention and interest of an audience, or gives pleasure and delight."
    ],
    "GFAS": [
        "\u201cFashion is about storytelling through clothing; it's about the stories behind them and the ones you create around them.",
        "Fashion is the dominant style within a given culture at a certain time.",
        "Fashion is a popular style or trend of something, especially clothing.",
        "Fashion is a form of self-expression and autonomy at a particular period and place and in a specific context, of clothing, footwear, lifestyle, accessories, makeup, hairstyle, and body posture.",
        "Fashion is a popular style or practice, especially in clothing, footwear, accessories, makeup, body piercing, or furniture.",
        "Fashion is most often thought of as a global industry that is invested in anticipating what we wear and how we wish to appear to others.",
        "Fashion is about change which is necessary to keep life interesting."
    ],
    "ECAT": [
        "Economics is a social science that studies the production, distribution, and consumption of goods and services.",
        "Economics is the study of how we make choices in the face of scarcity and how those choices motivate behavior.",
        "Economics is a social science concerned with the production, distribution, and consumption of goods and services.",
        "Economics can be defined in a few different ways.",
        "Economics is concerned with the creation, consumption, and transfer of wealth."
    ],
    "GWEA": [
        "Weather is the state of the atmosphere, including temperature, atmospheric pressure, wind, humidity, precipitation, and cloud cover.",
        "Weather is the state of the atmosphere at a specific time and place, with respect to temperature, precipitation, and other factors such as cloudiness.",
        "weather, state of the atmosphere at a particular place during a short period of time.",
        "Weather is the day-to-day state of the atmosphere, and its short-term variation in minutes to weeks.",
        "The state of the atmosphere at a particular time and place.",
        "Weather is the state of the atmosphere, describing for example the degree to which it is hot or cold, wet or dry, calm or stormy, clear or cloudy.",
        "Weather is the mix of events that happen each day in our atmosphere."
    ],
    "E121": [
        "The money supply is the total amount of money\u2014cash, coins, and balances in bank accounts\u2014in circulation.",
        "In macroeconomics, the money supply (or money stock) refers to the total volume of money held by the public at a particular point in time in an economy.",
        "Summary \u00b7 Money supply refers to the cash and cash equivalents in a country at a given point in time.",
        "The original money supply measures totaled bank accounts by type of institution.",
        "Money supply, the liquid assets held by individuals and banks.",
        "In macroeconomics, the money supply refers to the total volume of money held by the public at a particular point in time in an economy.",
        "Definition: The total stock of money circulating in an economy is the money supply."
    ],
    "GVIO": [
        "In functional terms, war can be seen as organised large-scale violence, both organised and large-scale.",
        "War definition, a conflict carried on by force of arms, as between nations or between parties within a nation; warfare, as by land, sea, or air.",
        "War is an intense armed conflict between states, governments, societies, or paramilitary groups such as mercenaries, insurgents, and militias.",
        "The meaning of war is a state or period of fighting between countries or groups.",
        "War, in the popular sense, a conflict between political groups involving hostilities of considerable duration and magnitude.",
        "'War' defined by Webster's Dictionary is a state of open and declared, hostile armed conflict between states or nations, or a period of such conflict.",
        "Merriam-Webster Dictionary describes war as \u201ca state of usually open and declared armed hostile conflict between states or nations.",
        "War is generally defined as violent conflict between states or nations."
    ],
    "E143": [
        "Retail, by definition, is the sale of goods or service from a business to a consumer for their own use.",
        "A retail sale occurs when a business sells a product or service to an individual consumer for his or her own use.",
        "Retail sales is the purchases of finished goods and services by consumers and businesses.",
        "Retail is the sale of goods and services to consumers, in contrast to wholesaling, which is sale to business or institutional customers.",
        "sales of goods to the public rather than to businesses, stores, etc.",
        "Retail selling is the sale of small quantities of goods to the public for their own consumption.",
        "What Are Retail Sales? Retail sales tracks consumer demand for finished goods by measuring the purchases of durable and non-durable goods over a defined period of time."
    ],
    "GSCI": [
        "Science is the study of the natural world by scientific method i.",
        "Technology uses science to solve problems, and science uses technology to make new discoveries.",
        "Science and technology studies are the study of how society, politics, and culture affect scientific research and technological innovation, and vice versa.",
        "Science and technology is an interdisciplinary topic encompassing science, technology, and their interactions:\nScience is a systematic enterprise that builds and organizes knowledge in the form of explanations and predictions about nature and the universe.",
        "The words science and technology can and often are used interchangeably."
    ],
    "GDIS": [
        "Disaster prevention, mitigation & preparedness safeguard development.",
        "Disasters are serious disruptions to the functioning of a community that exceed its capacity to cope using its own resources.",
        "A disaster is a serious problem occurring over a short or long period of time that causes widespread human, material, economic or environmental loss which exceeds the ability of the affected community or society to cope using its own resources.",
        "A disaster is defined as a \"sudden or great misfortune\" or simply \"any unfortunate event.",
        "Disasters are divided into 2 basic groups: natural and man-made.",
        "Natural Disasters \u00b7 Tornadoes and Severe Storms \u00b7 Hurricanes and Tropical Storms \u00b7 Floods \u00b7 Wildfires \u00b7 Earthquakes \u00b7 Drought."
    ],
    "C33": [
        "A contract is a legally binding agreement that defines and governs the rights and duties between or among its parties.",
        "A contract is a binding promise between two competent parties that is enforceable by law.",
        "A contract is an agreement between two parties that creates an obligation to perform (or not perform) a particular duty.",
        "contract, in the simplest definition, a promise enforceable by law.",
        "A contract is a legally binding promise made between at least 2 parties in order to fulfil an obligation in exchange for something of value.",
        "An agreement between two private parties that creates mutual legal obligations.",
        "Contracts are agreements that enable people, businesses, and society to come together and collaborate towards their specific desires and needs."
    ],
    "C23": [
        "Research and development is the generation of new knowledge.",
        "Research and development (R&D) is a broad category describing the entity of basic research, applied research, and development activities.",
        "The first stage of the product lifecycle is R&D: Research and Development.",
        "Research and development, known in Europe as research and technological development, is the set of innovative activities undertaken by corporations or governments in developing new services or products and improving existing ones."
    ],
    "E41": [
        "an act or instance of employing someone or something.",
        "Employment is an agreement between an employer and an employee that the employee will provide certain services.",
        "\"Employment\" is not a simple term denoting the mere holding of a job for which a wage is paid, or the operating of one's own business.",
        "as either an employee or an independent contractor ."
    ],
    "GODD": [
        "In journalism, a human interest story is a feature story that discusses a person or people in an emotional way.",
        "A Human Interest Story is a type of news story that focuses on a person, group of people, and/or culture in an emotional manner.",
        "In journalism, a human-interest story is a feature story that discusses people or pets in an emotional way.",
        "Human Interest is a 401(k) provider that makes it easy for small and medium-sized businesses to help their employees save for retirement.",
        "details about people's experiences and feelings: I like newspapers with lots of human interest stories in them."
    ],
    "CCAT": [
        "View the complete list of IBISWorld's United States Industry Research Reports including our industry reports and our specialized industries reports.",
        "A corporation is an organization\u2014usually a group of people or a company\u2014authorized by the state to act as a single entity and recognized as such in law for certain purposes.",
        "A corporation is a legal entity created by individuals, stockholders, or shareholders, with the purpose of operating for profit.",
        "A corporation is a business entity that is owned by its shareholder(s), who elect a board of directors to oversee the organization's activities.",
        "A corporation is a distinct legal business entity, meaning the business owns property, pays taxes, and enters into contracts separate from its owners.",
        "An industry \u2013 or sector \u2013 is the whole of all economic activities by companies, people, and organizations involved in the production of goods.",
        "A corporation is legally a separate and distinct entity from its owners.",
        "The industry is a category of active enterprises and organizations which produce or sell products, services, or sources of revenue.",
        "An industry is a group of manufacturers or businesses that produce a particular kind of goods or services.",
        "A corporation is a legal entity that is owned by shareholders and ran by a board of directors.",
        "A corporation, sometimes called a C corp, is a legal entity that's separate from its owners.",
        "In macroeconomics, an industry is a branch of an economy that produces a closely-related set of raw materials, goods, or services.",
        "A corporation is a legal entity created through the laws of its state of incorporation."
    ],
    "C18": [
        "Any change in ownership percentages should be recorded in the stock ledger.",
        "Corporate Change means a \u201cchange in ownership,\u201d a \u201cchange in effective control,\u201d or a \u201cchange in the ownership of substantial assets\u201d of the Company.",
        "Let's take a look at two scenarios involving a change in ownership with one for a Limited Liability Company and the other for a corporation.",
        "Voting rights allow the owner to control a portion of the company through ownership.",
        "(3) HC is a corporation whose assets consist solely of the stock of other corporations.",
        "In most cases, a change of business ownership involves the end of one business and the beginning of another.",
        "Yes, a business can be transferred to another person, by sale, reapportionment of multiowner businesses or lease-purchase."
    ],
    "G151": [
        "One of the greatest achievements of the European Union is the internal market.",
        "3 See for some economic analysis of the internal market inter alia W.",
        "The \u201cfour freedoms\u201d are the foundation of the European (EEA) Internal Market.",
        "The European Single Market, Internal Market or Common Market is a single market comprising the 27 member states of the European Union as well as \u2013 with certain exceptions \u2013 Iceland, Liechtenstein, and Norway through the Agreement on the European Economic Area, and Switzerland through bilateral treaties.",
        "Europe's common internal market is one of the most important forces behind the European Union's cohesion.",
        "The European Single Market is an entity created by a trade agreement between participating states."
    ],
    "C21": [
        "Products are tangible \u2013 they are physical, you can touch, see, feel and smell them.",
        "What are Products and Services? A product is a tangible item that is put on the market for acquisition, attention, or consumption, while a service is an intangible item, which arises from the output of one or more individuals.",
        "Service products are consumed at the same time they are being produced."
    ],
    "C171": [
        "A corporation's share capital in the United States commonly referred to as capital stock, is the portion of a corporation's equity that has been derived by the issue of shares in the corporation to a shareholder, usually for cash.",
        "Share capital is separate from other types of equity accounts.",
        "Share capital is the money that a company raises through the issuance of common or preferred stock.",
        "Share capital involves money and property that a company receives through equity financing.",
        "Share capital refers to the funds that a company raises from selling shares to investors."
    ],
    "GREL": [
        "religion, human beings' relation to that which they regard as holy, sacred, absolute, spiritual, divine, or worthy of especial reverence.",
        "In the simplest sense, religion describes \"the relationship of human beings to what they regard as holy, sacred, spiritual or divine\".",
        "There are many definitions of religion.",
        "1 : the belief in a god or in a group of gods Many people turn to religion for comfort in a time of crisis.",
        "Religion is an organized collection of beliefs, cultural systems, and world views that relate humanity to an order of existence."
    ],
    "E12": [
        "Monetary definition, of or relating to the coinage or currency of a country.",
        "The monetary value of goods and services is defined by the amount of money the market is willing to pay for them.",
        "The definition of monetary is something related to money or currency.",
        "Monetary means relating to money, especially the total amount of money in a country.",
        "The meaning of monetary is of or relating to money or to the mechanisms by which it is supplied to and circulates in the economy.",
        "Monetary policy is a set of actions available to a nation's central bank to achieve sustainable economic growth by adjusting the money supply.",
        "The monetary unit of the U.",
        "The term \"monetary policy\" refers to what the Federal Reserve, the nation's central bank, does to influence the amount of money and credit in the U."
    ],
    "GMIL": [
        "The 15 Global Challenges: \u00b7 1.",
        "The Millennium Prize Problems are seven of the most well-known and important unsolved problems in mathematics.",
        "The Millennium Prize Problems are seven unsolved problems in mathematics that were stated by the Clay Mathematics Institute on May 24, 2000.",
        "Millennium Problem, any of seven mathematical problems designated such by the Clay Mathematics Institute (CMI) of Cambridge, Mass."
    ],
    "C22": [
        "New product development (NPD) is the process of bringing a new product to the marketplace.",
        "New products are goods and services that differ significantly in their characteristics or intended uses from products previously produced by the firm.",
        "New Products development is a simple concept.",
        "New product development involves the ideation, design, validation, and launch of new-to-the-world products.",
        "The Six Categories of New Products \u00b7 1.",
        "New product development is the process of converting an idea into a workable software product.",
        "A new product is a product that is new to the company introducing it even though it may have been made in same form by others."
    ],
    "E71": [
        "Leading and lagging indicators are two types of measurements used when assessing performance in a business or organisation.",
        "A leading indicator is a piece of economic data that corresponds with a future movement or change in some phenomenon of interest.",
        "An indicator can be any statistic that is used to predict and understand financial or economic trends."
    ],
    "E313": [
        "Inventory, in business, is all the goods that a company owns, produces, and uses in service of production at any given time.",
        "Inventory or stock refers to the goods and materials that a business holds for the ultimate goal of resale, production or utilisation.",
        "Inventory is the accounting of items, component parts and raw materials a company uses in production, or sells.",
        "Inventory is the raw materials used to produce goods as well as the goods that are available for sale.",
        "Inventory is an asset that is intended to be sold in the ordinary course of business.",
        "Definition: Inventory, often called merchandise, refers to goods and materials that a business holds for sale to customers in the near future.",
        "Inventory refers to all the items, goods, merchandise, and materials held by a business for selling in the market to earn a profit."
    ],
    "E14": [
        "Consumer finance is the any type of lending activity in which a lender extends credit to a consumer.",
        "The Consumer Financial Protection Bureau is an agency of the United States government responsible for consumer protection in the financial sector.",
        "Consumer lending provides financing for personal, family, or household purposes.",
        "Consumer financing is when a business offers financing to their customers with help from a professional finance company.",
        "The FTC's extensive consumer education efforts help consumers manage their financial resources, avoid fraud and deception, and learn about emerging scams.",
        "Consumer finance refers to the borrowing and saving choices that people (i."
    ],
    "G153": [
        "The EU's common agricultural policy was launched in 1962 to ensure that postwar Europe would have enough food.",
        "Agriculture is the only sector of the European Union (EUEuropean Union (EUEU policies aim to ensure the free movement of people, goods, services and capital within the internal market; enact legislation in justice and home affairs; and maintain common policies on trade, agriculture, fisheries and regional development.",
        "The Common Agricultural Policy (CAP) is the agricultural policy of the European Union.",
        "European support to farm incomes has decreased substantially over the past 20 years, according to this report."
    ],
    "G157": [
        "The Common Agricultural Policy, or CAP, is the European Union's largest budget item.",
        "Our experienced team of European competition attorneys is based in Brussels and London.",
        "The European Union (EU) offers grants or subsidies in several fields.",
        "The European Union spends $65 billion a year subsidizing agriculture.",
        "The Common Agricultural Policy (CAP) is the agricultural policy of the European Union.",
        "European competition law is the competition law in use within the European Union.",
        "A unique guide that examines European competition laws at the member-state and community levels.",
        "The common agricultural policy supports farmers and ensures Europe's food security."
    ],
    "C32": [
        "Advertising is a marketing communication that employs an openly sponsored, non-personal message to promote or sell a product, service or idea.",
        "Advertising is a promotional activity which aims to sell a product or service to a target audience.",
        "Advertising is a marketing tactic involving paying for space to promote a product, service, or cause."
    ],
    "G155": [
        "The main European Institutions are: the European Council, the European Commission, the Council of the European Union and the European Parliament.",
        "The EU has 7 main institutions, and the role of each one is set out in the treaties.",
        "There are three political institutions which hold the executive and legislative power of the Union.",
        "The main EU institutions, including the European Commission, Parliament, and European Central Bank."
    ],
    "C312": [
        "Also referred to as the international market, the offshore market, or, more popularly, the Euromarket.",
        "external marketing, people usually are talking about one of two things.",
        "An external market is a market for investment opportunities which are offered outside the jurisdiction of a specific country.",
        "The \u201cexternal markets\u201d are \u201cweighted indices."
    ],
    "C17": [
        "Capital is anything that increases one's ability to generate value.",
        "Nic Barnhart of Pareto Labs defines capital as simply, \u201cMoney that is used to make more money.",
        "It is the accumulated assets of a business that can be used to generate income for the business.",
        "What Is Capital? \u00b7 Financial assets held in a bank account or brokerage account.",
        "Capital definition:\u200b\u200b Capital is anything that increases your ability to generate value.",
        "Definition: Capital refers to the financial resources that businesses can use to fund their operations like cash, machinery, equipment and other resources.",
        "In economics, capital consists of assets used for the production of goods and services."
    ],
    "M14": [
        "Commodities and commodity markets are terms used as synonyms for primary goods and the markets in such goods.",
        "A commodity market is a place where buyers and sellers can trade any homogenous good in bulk.",
        "Commodities are natural resources like food, energy, and metals.",
        "A commodity market is a place where you can buy, sell, or trade these raw products.",
        "A commodity market is a market that trades in the primary economic sector rather than manufactured products, such as cocoa, fruit and sugar.",
        "A commodity market trades in raw or primary products rather than manufactured products."
    ],
    "E21": [
        "The Government Finance Officers Association (GFOA), founded in 1906, represents public finance officials throughout the United States and Canada.",
        "Public finance is the study of the role of the government in the economy.",
        "In the 19th century, government finance was primarily concerned with the allocative function.",
        "Government finances include revenues, expenditures (spending), debt, and assets (cash and security holdings)."
    ],
    "C11": [
        "Corporate strategy is a long-term, clearly defined vision of the direction of a company or organization.",
        "Definition: Corporate strategy encompasses a firm's corporate actions with the aim to achieve company objectives while achieving a competitive advantage.",
        "Corporate strategies are arguably the most essential and broad ranging strategy level within organizational strategy.",
        "What is corporate strategy? The art of ensuring that the value of the enterprise as a whole is more than the sum of its parts."
    ],
    "GCAT": [
        "A society is a grouping of individuals, which is characterized by common interest and may have distinctive culture and institutions.",
        "According to sociologists, a society is a group of people with common territory, interaction, and culture.",
        "1 : a community or group of people having common traditions, institutions, and interests medieval society western society.",
        "A society is a group of individuals involved in persistent social interaction, or a large social group sharing the same spatial or social territory, typically subject to the same political authority and dominant cultural expectations.",
        "This term has been derived from a Latin word 'socious' that means association or companionship."
    ],
    "GPRO": [
        "A biography is a true story about someone's life.",
        "biography, form of literature, commonly considered nonfictional, the subject of which is the life of an individual.",
        "A biography, or simply bio, is a detailed description of a person's life.",
        "A biography is simply the story of a real person's life.",
        "A biography is an informational narrative and account of the life history of an individual person, written by someone who is not the subject of the biography.",
        "A biography is a text written about someone else's life (usually someone famous)."
    ],
    "E142": [
        "Consumer credit is personal debt taken on to purchase goods and services.",
        "Consumer credit, also called consumer debt, is credit extended to individuals to buy goods or services.",
        "What is Consumer Credit? A consumer credit system allows consumers to borrow money or incur debt, and to defer repayment of that money over time.",
        "Consumer credit is money that consumers have borrowed from banks, financial institutions, or other businesses to make purchases.",
        "In general terms, consumer credit is debt that is taken on by individuals who intend to spend the funds right away."
    ],
    "E211": [
        "Definition of Revenue Revenue is the amount a company receives from selling goods and/or providing services to its customers and clients.",
        "The basic revenue definition is the total amount of money brought in by a company's operations, measured over a set amount of time.",
        "1 : the total income produced by a given source a property expected to yield a large annual revenue \u00b7 2 : the gross income returned by an investment.",
        "Revenue is income earned by an individual or a business from the sale of any products or services offered.",
        "Expenditure is an outflow of money, or any form of fortune in general, to another person or group as payment for an item, service, or other category of costs.",
        "Expenditure refers to payments made or liabilities incurred in exchange for goods or services.",
        "In accounting, revenue is the total amount of income generated by the sale of goods and services related to the primary operations of the business.",
        "Expenditure meaning \u00b7 The definition of an expenditure is the act of spending money or time and it is something on which you spend money.",
        "Revenue is the value of all sales of goods and services recognized by a company in a period.",
        "An expenditure represents a payment with either cash or credit to purchase goods or services.",
        "An expenditure is a payment or disbursement.",
        "money that a company receives, especially from selling goods or services: revenue(s) from sth Revenue from online ads is much less than from print advertising.",
        "In a trip budget, you need to add up all your expenditures, such as hotel, car rental and food costs against the money you have brought to spend.",
        "Definition: An expenditure is funds used by a business, organization, or corporation to attain new assets, improve existing ones, or reduce a liability.",
        "Expenditure definition, the act of expending something, especially funds; disbursement; consumption.",
        "An expenditure is a payment of cash or credit for goods or services, often by a business, organization or corporation."
    ],
    "C41": [
        "Corporate managers oversee various segments of business operations in a company.",
        "The process of leading, administrating and directing a company.",
        "Corporate management is a broad term that covers the positions of leadership within an organization, and the primary goal is business success.",
        "The top of most management teams has at least a Chief Executive Officer (CEO), a Chief Financial Officer (CFO), and a Chief Operations Officer (COO).",
        "Corporate management deals with the process of leading, administrating and directing a company.",
        "Aspect of the management deals with all kinds of projects and the production function of the business and also the productivity of the employees."
    ],
    "MCAT": [
        "A market is a composition of systems, institutions, procedures, social relations or infrastructures whereby parties engage in exchange.",
        "A market is an arrangement between buyers and sellers to exchange goods or services for money.",
        "A set up where two or more parties engage in exchange of goods, services and information is called a market.",
        "Definition: A market is defined as the sum total of all the buyers and sellers in the area or region under consideration."
    ],
    "C151": [
        "Revenue or income accounts represent the company's earnings and common examples include sales, service revenue and interest income.",
        "A company's earnings are its after-tax net income, meaning its profits.",
        "Accounting earnings, or net income (NI), are calculated by subtracting business expenses from a company's revenues."
    ],
    "Root": [
        "Input field has no description ."
    ],
    "E312": [
        "The Board of Governors defines the seasonally adjusted capacity utilization rate as the output index divided by the capacity index.",
        "Capacity utilization or capacity utilisation is the extent to which a firm or nation employs its installed productive capacity.",
        "Capacity utilization represents the production or manufacturing capabilities that an economy or company uses to create output.",
        "Capacity utilization rate is used to measure the rate at which potential output levels are being met or used.",
        "Capacity utilization is an economics concept which refers to the extent to which an enterprise or a nation actually uses its installed productive capacity.",
        "Capacity utilization refers to how much of a factory's production capacity is currently being utilized.",
        "Capacity utilization determines the percentage of capacity that is being used over a set period."
    ],
    "G158": [
        "The work of the European Union (EU) in the area of external relations includes the negotiation of trade agreements, and cooperation on energy, health, climate and environmental issues, often in the context of international organisations such as the United Nations.",
        "Although there has been a large degree of integration between European Union member states, foreign relations is still a largely intergovernmental matter, with the 27 members controlling their own relations to a large degree.",
        "The European Union's external actions convey its way of understanding the world, freedom, personal rights, and its idea of justice.",
        "EU external policies are aimed at regions and countries outside of the current European Union.",
        "The European External Action Service (EEAS) and its country delegations throughout the world (169 countries) act as the EU's diplomatic service.",
        "ECFR conducts research and promotes informed debate across Europe on the development of a coherent and effective European foreign policy."
    ],
    "M131": [
        "The interbank market is the top-level foreign exchange market where banks exchange different currencies.",
        "We mapped out the EA interbank market network, and detected 13 communities in the interbank borrowing and lending market.",
        "Section II considers more closely why banks use the market.",
        "The interbank market is a market where foreign currency is traded between large privately held banks."
    ],
    "C331": [
        "The Department of Defense (DoD) awards contracts for hundreds of billions of dollars each year.",
        "According to Finley, the wide array of contracts makes managing defence contracts an increasingly complex affair.",
        "Defense contracts are awarded to individuals or companies by the federal government.",
        "There is no central repository for all DoD contracts.",
        "The top 10 defense contractors \u00b7 Lockheed Martin Corp.",
        "The official site of the Defense Contract Management Agency."
    ],
    "C173": [
        "In finance, a loan is the lending of money by one or more individuals, organizations, or other entities to other individuals, organizations etc."
    ],
    "GDEF": [
        "The Department of Defense is America's largest government agency.",
        "The government is conducting an Integrated Review of Security, Defence, Development and Foreign Policy.",
        "The United States Department of Defense (DoD, USDOD or DOD) is an executive branch department of the federal government charged with coordinating and supervising all agencies and functions of the government directly related to national security and the United States Armed Forces.",
        "The Department of Defense provides the military forces needed to deter war, and to protect the security of the United States."
    ],
    "E513": [
        "Reserves for all nonprofit organizations are a result of accumulated earnings over a period of time.",
        "A reserve is profits that have been appropriated for a particular purpose.",
        "In financial accounting, \"reserve\" always has a credit balance and can refer to a part of shareholders' equity, a liability for estimated claims, or contra-asset for uncollectible accounts."
    ],
    "G159": [
        "The European Community (EC) was formed in 1957 by six European countries with the goal of providing economic stability and preventing future wars.",
        "The European Court of Justice \u00b7 Composition The ECJ consists of 28 judges, one from each of the Member States.",
        "Seated in the Kirchberg quarter of Luxembourg City, Luxembourg, this EU institution consists of two separate courts: the Court of Justice and the General Court.",
        "The General Court, informally known as the European General Court (EGC), is a constituent court of the Court of Justice of the European Union."
    ],
    "G154": [
        "The European Monetary System was a multilateral adjustable exchange rate agreement in which most of the nations of the European Economic Community linked their currencies to prevent large fluctuations in relative value.",
        "The European Monetary System (EMS) refers to an arrangement established in 1979, whereby members of the European Economic Community (now the."
    ]
}