{"GHEA": ["The governor would take possession of the arsenal in the name of the United States .", "The soldiers would be allowed safe passage in any direction carrying any personal and public property besides munitions of war .", "The soldiers would be allowed to march away as men leaving under orders , not as conquered and surrendering soldiers .", "A \" Summary of the Work Done for November , 1862 , Little Rock Arsenal \" shows : Fabrication :", "752 packages of ordnance and ordnance stores received and mostly issued to troops in service .", "National Mission ; Society for the Preservation of Christian Knowledge , 1916", "Guardian Angel ; Society for the Preservation of Christian Knowledge , 1923"], "C34": ["Christmas cards ; Girls ' Friendly Society , 1920s , 1930s", "Child Thoughts in Picture and Verse ( by M. K. Westcott ) ; Blackie , 1925", "The Children \u2019 s Book of Hymns ; Blackie , 1929 ; rep . 1933", "Our Darling \u2019 s First Book ( written in collaboration with Dorothy Barker ) ; Blackie , 1929", "He Leadeth Me ( written in collaboration with Dorothy Barker ) ; Blackie , 1936", "A Little Book of Rhymes New and Old ; Blackie , 1937", "When Spring Came In at the Window ; Blackie , 1942"], "E51": ["A Child \u2019 s Garden of Verses ( Robert Louis Stevenson ) ; Blackie , 1944", "Groundsel and Necklaces ; Blackie , 1946 ; reprinted as Fairy Necklaces", "Flower Fairies of the Flowers and Trees ; Blackie , 1950", "The Sand , the Sea and the Sun ; Gibson , 1970"], "GSPO": ["Flower Fairies of the Seasons ; Bedrick / Blackie , 1988", "A Little Book of Prayers and Hymns ; Frederick Warne , 1994", "Wild Cherry Makes A Wish ; ( collaboration with Pippa Le Quesne ) Frederick Warne , 2006", "A New Epiphany ; Society for the Preservation of Christian Knowledge , 1919"], "E131": ["Cradle roll design ; St. Edmund 's , Pitlake , 1922", "The Feeding of the Five Thousand ; reredos triptych , chapel at Penarth , Wales ; 1929", "The Parable of the Great Supper ; triptych , St. George 's chapel , Waddon", "The Seven Sacraments ; baptismal font panels , St. Andrew 's , Croydon"], "E511": ["St. John the Baptist ; central banner panel , Abesford church , 1943", "Lettering , sword , and shield ; mount for a list of men and woman serving in the Forces , St. Andrews , Croydon , 1943", "Baptismal rolls ; St. Andrews , Croydon , 1948 , 1962", "Out of Great Tribulation ; memorial chapel , Norbury Medthodist church , 1948", "I Am Among You As He That Serveth ; stained glass window design , St. Edmund 's , Pitlake , 1962", "Divisions : CE \u2013 Central , NW \u2013 Northwest , PA \u2013 Pacific"], "GPOL": ["bold - qualified for playoffs , y \u2013 Won division , p \u2013 Won Presidents ' Trophy ( best record in NHL )", "Silver background indicates overtime / shootout loss ( 1 point ) .", "\" There 's Got to Be a Way \" ( Original album version ) \u2013 4 : 52", "\" There 's Got to Be a Way \" ( 7 \" remix )"], "E132": ["\" There 's Got to Be a Way \" ( 12 \" remix )", "\" There 's Got to Be a Way \" ( Alternative Vocal Dub Mix )", "Cullen is the namesake of the John Cullen Award , previously given to key IHL players .", "For the ironclad present at the Battle of Lissa of the same name , see SMS Erzherzog Ferdinand Max ( 1865 ) .", "The degree of reversibility in the initial step ( and therefore the diastereoselectivity ) depends on four factors , with greater reversibility corresponding to higher selectivity :", "Stability of the substrate with higher stability leading to greater reversibility by favoring the starting material over the betaine .", "Stability of the ylide with higher stability similarly leading to greater reversibility .", "Solvation of charges in the betaine by counterions such as lithium with greater solvation allowing more facile rotation in the betaine intermediate , lowering the amount of reversibility ."], "E212": ["Several cycloadditions wherein the ylide serves as a \" nucleophilic carbenoid equivalent \" have been reported .", "Living polymerizations using trialkylboranes as the catalyst and ( dimethyloxosulfaniumyl ) methanide as the monomer have been reported for the synthesis of various complex polymers .", "An amnesty for all revolutionaries be declared , with the option for some of them to apply for membership in the rurales .", "Madero and his supporters had the right to name fourteen provisional state governors , and to approve la Barra 's cabinet .", "Pensions were to be established for relatives of the soldiers who had died fighting the rebels .", "Policemen and judges , as well as state legislators , that had been appointed or \" elected \" under D\u00edaz were to retain their offices .", "After college , she worked as a receptionist during the day at the Evanston YMCA and took classes at Second City at night ."], "E11": ["In 1997 , Fey and other members of The Second City provided voices for the pinball game Medieval Madness .", "On April 5 , 2011 , Fey 's autobiography , Bossypants , was released to a positive review from The New York Times .", "In June 2010 , it was announced Fey would receive a star on the Hollywood Walk of Fame in 2011 .", "As of April 2016 , Devin is in the middle of recording the seventh DTP album , entitled Transcendence at Armoury Studios in Vancouver .", "In the 1880 earthquake , the synagogue suffered minor damage and was repaired the following year .", "In 1993 East 17 covered \" West End Girls \" for their album Walthamstow , with limited chart success .", "All tracks were produced by Greg Kurstin , with vocal production on \" Every Christmas \" made by Jason Halbert .", "\" Just for Now \" contains a portion of the composition \" Carol of the Bells \" , written by Peter J. Wilhousky .", "Tracks from the concert DVD were filmed from the television special Kelly Clarkson 's Cautionary Christmas Music Tale ."], "C31": ["Sanjeev Kumar as Thakur Baldev Singh , usually addressed as \" Thakur \"", "A. K. Hangal as Rahim Chacha , the imam in the village", "Asrani as the Jailor , a comical character modelled after Charlie Chaplin in The Great Dictator ( 1940 )", "Viju Khote as Kaalia , another of Gabbar 's men whom he kills in a game of Russian roulette", "Helen in a special appearance in song \" Mehbooba Mehbooba \"", "Jalal Agha in a special appearance in song \" Mehbooba Mehbooba \""], "C411": ["He also accused Thaksin of spying on the military while he was Prime Minister .", "Saprang stands 161 centimeters tall and as of March 2007 , weighed 52 kilograms .", "Ali learned that his regurgitation talents had the potential to entertain and to earn money through performance at the age of fifteen :", "League positions are sourced by Statto , while the remaining information is referenced individually .", "Brackets around club names denote the player 's contract with that club had expired before he joined York .", "Brackets around club names denote the player joined that club after his York contract expired .", "Players with names struck through and marked left the club during the playing season ."], "C311": ["Players with names in italics and marked * were on loan from another club for the whole of their season with York .", "Players listed with no appearances have been in the matchday squad but only as unused substitutes .", "Key to positions : GK \u2013 Goalkeeper ; DF \u2013 Defender ; MF \u2013 Midfielder ; FW \u2013 Forward", "6 ) is formed when antimony is burnt in air . In the gas phase , this compound exists as Sb", "6 , but it polymerizes upon condensing . Antimony pentoxide ( Sb"], "GOBIT": ["3 is unknown , but the conjugate base sodium antimonite ( [ Na", "6 . Transition metal antimonites are also known . Antimonic acid exists only as the hydrate HSb ( OH )", "6 , forming salts containing the antimonate anion Sb ( OH ) \u2212", "6 . Dehydrating metal salts containing this anion yields mixed oxides .", "3 are all molecular compounds having trigonal pyramidal molecular geometry .", "It is Lewis acidic and readily accepts fluoride ions to form the complex anions SbF \u2212", "5 have trigonal bipyramidal molecular geometry in the gas phase , but in the liquid phase , SbF", "5 is a powerful Lewis acid used to make the superacid fluoroantimonic acid ( \" H2SbF7 \" ) ."], "M13": ["Oxyhalides are more common for antimony than arsenic and phosphorus . Antimony trioxide dissolves in concentrated acid to form oxoantimonyl compounds such as SbOCl and ( SbO )", "The Roman naturalist Pedanius Dioscorides mentioned that antimony sulfide could be roasted by heating by a current of air . It is thought that this produced metallic antimony .", "The ancient words for antimony mostly have , as their chief meaning , kohl , the sulfide of antimony .", "The world 's largest antimony producers , according to Roskill , are listed below :", "About 60 % of antimony is consumed in flame retardants , and 20 % is used in alloys for batteries , plain bearings and solders .", "Antimony is incompatible with strong acids , halogenated acids , and oxidizers ; when exposed to newly formed hydrogen it may form stibine ( SbH3 ) ."], "M12": ["United States Environmental Protection Agency , Health Canada and the Ontario Ministry of Environment : 6 \u00b5g / L", "EU and German Federal Ministry of Environment : 5 \u00b5g / L", "Henryson , Robert ( 2009 ) . The Testament of Cresseid & seven fables . Trans. by Seamus Heaney . London : Faber and Faber . ISBN 9780571249282 ."], "C313": ["Nathan is currently the Minnesota Twins leader in career saves .", "During the 2015 offseason , the Tigers declined the $ 10 million club option for Nathan for the 2016 season , and exercised a $ 1 million buyout .", "A descriptive biography entitled Art Ross : The Hockey Legend who Built the Bruins by Eric Zweig was published by Dundurn Press in Sept 2015 .", "The centennial of the church building was celebrated in December 2013 , at a bilingual Mass conducted by Elden Curtiss , archbishop emeritus of the Archdiocese of Omaha .", "The rectory has a sloping roof with overhanging eaves and wood cornices . On the south wall is a tympanum , filled in with siding .", "The city is notable for having the last known Long Count date on any Maya monument , marking the end of the Classic Maya period in AD 909 ."], "M143": ["Rulers of Tonin\u00e1 recorded in the Maya script on Tonin\u00e1 monuments include :", "The last known recorded date at the site is featured on Monument 101 as 15 January 909 CE .", "The site is accessible for tourism and has a small museum that was inaugurated on 15 July 2000 .", "After the abandonment of the city at the end of the Classic Period , many of the sculptures fell down the steep embankment supporting the seven terraces .", "Ballcourt 2 is the smaller of the two ballcourts and lies in the north of the plaza , at the foot of the Acropolis .", "The dated monuments at Tonin\u00e1 span the period from AD 495 to 909 , covering most of the Classic Period ."], "M132": ["Monument 8 dates to the reign of Ruler 2 . It marks the period ending of 682 and shows the presentation of three war captives .", "Monument 12 is a sculpture carved in the round , representing Ruler 2 . It dates to AD 672 .", "Monument 99 is an undated fragment that depicts a female captive , which is rare in Maya art .", "Monument 101 has the last Long Count date from any Maya monument , it marks the K 'atun ending of AD 909 .", "Monument 106 is the earliest securely dated monument at the site , dating to AD 593 . It depicts Ruler 1 .", "Monument 113 depicts Ruler 2 participating in a scattering ritual .", "Monument 154 dates to the reign of K 'inich Hix Chapat and records his installing of two subordinate lords in 633 ."], "C152": ["The Finnish poet Eino Leino also wrote about the bird in his poem \" Nocturne \" .", "A number of risk factors for developing AML have been identified , including : other blood disorders , chemical exposures , ionizing radiation , and genetics .", "Since treatment options for relapsed AML are so limited , palliative care or enrolment in a clinical trial may be offered .", "Acute myeloid leukemia is a curable disease ; the chance of cure for a specific person depends on a number of prognostic factors .", "The first publication to address cytogenetics and prognosis was the MRC trial of 1998 :"], "C15": ["\" Love Me Like You \" ( Christmas Mix ) \u2013 3 : 29", "\" Love Me Like You \" ( Bimbo Jones Remix ) \u2013 3 : 07", "\" Love Me Like You \" ( 7th Heaven Remix ) \u2013 3 : 10", "\" Love Me Like You \" ( Exclusive Interview ) \u2013 3 : 16"], "C183": ["\" Love Me Like You \" ( Instrumental ) \u2013 3 : 15", "The city developed the city commission form of city government , known as the \" Galveston Plan \" , to help expedite recovery .", "George P. Mitchell , pioneer of hydraulic fracturing technology and developer of The Woodlands , Texas , was born and raised in Galveston .", "Gilbert Pena , incoming 2015 Republican member of the Texas House of Representatives from Pasadena , was born in Galveston in 1949 and lived there in early childhood .", "Galveston is served by Amtrak 's Texas Eagle via connecting bus service at Longview , Texas .", "\" Galveston \" is the name of a popular song written by Jimmy Webb and sung by Glen Campbell .", "Sheldon Cooper , one of the main characters from the TV series The Big Bang Theory , grew up in Galveston ."], "GDIP": ["Stephenie Meyer has mentioned Galveston island in her third book of the Twilight series , Eclipse .", "Galveston ( 2010 ) is the first novel by Nic Pizzolatto , the creator of the HBO series True Detective .", "Galveston has five sister cities , as designated by Sister Cities International :", "Finkelstein taught at Sakarya University Middle East Institute in Turkey between 2014 and 2015 .", "Finkelstein published portions of his thesis in the following publications :", "James O. Freedman , the former president of Dartmouth College , the University of Iowa , and the American Academy of Arts and Sciences , has defended Dershowitz :", "Responding to an article in The Nation by Alexander Cockburn , Dershowitz also cited The Chicago Manual of Style :"], "C1511": ["In a telephone interview with Today 's Zaman , in 2009 , Finkelstein stated :", "When asked how he , as the son of Holocaust survivors , felt about Israel \u2019 s operation in Gaza , Finkelstein replied :", "In June 2012 , in an appearance on Democracy Now ! , Finkelstein elaborated on his criticisms of the BDS movement :", "2014 : Method and Madness : The Hidden Story of Israel 's Assaults on Gaza , OR Books , New York ( 2014 )"], "E31": ["2014 : Old Wine , Broken Bottle : Ari Shavit 's Promised Land , OR Books , New York ( 2014 )", "1987 : From the Jewish Question to the Jewish State : An Essay on the Theory of Zionism ( thesis ) , Princeton University .", "\" Reflections on Palestinian attitudes during the Gulf war \" , Journal of Palestine Studies , 21 ( 1992 ) 3 / 83 , pp. 54 \u2013 70", "\" Whither the `peace process ' ? \" , New Left Review , ( 1996 ) 218 , p . 138"], "GJOB": ["\" Securing occupation : The real meaning of the Wye River Memorandum \" , New Left Review , ( 1998 ) 232 , pp. 128 \u2013 39", "\" Abba Eban with Footnotes \" , Journal of Palestine Studies , vol 32 . ( 2003 ) , pp. 74 \u2013 89", "\" Prospects for Ending the Occupation \" , Antipode , 35 ( 2003 ) 5 , pp. 839 \u2013 45", "Blokker , Bas ( review of Beyond Chutzpah ) , NRC Handelsblad , February 24 , 2006 .", "Pappe , Ilan ( review of Beyond Chutzpah ) , BOOKFORUM ( February / March 2006 )"], "C174": ["De Zayas , Alfred . Review of Beyond Chutzpah in Frankfurter Allgemeine Zeitung ( February 3 , 2006 )", "Marqusee , Mike . \" Israel , fraud and chutzpah \" ( review of Beyond Chutzpah ; January 2006 )", "Prashad , Vijay . Z magazine reviews Beyond Chutzpah . Review of Beyond Chutzpah . Z Magazine November 2005 Volume 18 , Number 11", "Bogdanor , Paul . The Finkelstein Phenomenon ( review of The Holocaust Industry ) , Judaism ( Fall 2002 )"], "C16": ["Bartov , Omer . \" A Tale of Two Holocausts \" ( review of The Holocaust Industry ) , New York Times Book Review , August 6 , 2000", "Garner , Mandy . \" The Good Jewish Boys Go into Battle . \" Times Higher Education Supplement 16 December 2005 .", "Naparstek , Ben . \" His Own Worst Enemy . \" The Jerusalem Post 12 December 2005 .", "Rayner , Jay . \" Finkelstein 's List . \" The Observer 16 July 2000 .", "Sheleg , Yair . \" The Finkelstein Polemic . \" Ha 'aretz 30 March 2001 .", "Daniel Goldhagen , The New Discourse of Avoidance at the Wayback Machine ( archived December 4 , 2002 )", "William Rubinstein et al . , Uses of Holocaust , letters to the London Review of Books", "American Radical : The Trials of Norman Finkelstein - broadcast of the documentary in two parts", "VIDEO : Norman Finkelstein - Israel and Palestine : Roots of Conflict , Prospects for Peace , presentation in Seattle , Washington , May 8 , 2008 .", "VIDEO : Norman Finkelstein - The Coming Breakup of American Zionism , presentation in Olympia , Washington , May 8 , 2008 .", "VIDEO : Norman Finkelstein at Brown University on YouTube , April 15 , 2008", "Finkelstein Responds to Clinton , Netanyahu AIPAC Comments March 23 , 2010"], "GENV": ["Israel vs Palestine - featuring Norman Finkelstein ( April 2014 ) , Juice Rap News", "The Catechism says this commandment requires duties of children to parents that include :", "Respect toward parents that also flows to brothers and sisters .", "Support that requires grown children to offer material and moral support for their aging parents , particularly at times of \" illness , loneliness , or distress \" .", "Keeping this commandment , according to the Catechism , also requires duties of parents to children which include :", "\" Moral education , spiritual formation and evangelization \" of their children ."], "E141": ["Respect for their children as children of God and human persons .", "Proper discipline for children while being careful not to provoke them .", "\" Avoiding pressure to choose a certain profession or spouse \" , which does not preclude parents from giving \" judicious advice \" .", "\" Acknowledging their own failings \" to their children to guide and correct them .", "\" Obedience and honor \" to \" all who for our good have received authority in society from God \" ."], "GVOTE": ["\" Payment of taxes , exercising the right to vote and defending one 's country \" .", "\" An obligation to be vigilant and critical \" , which requires citizens to criticize that which harms human dignity and the community .", "\" A duty to disobey \" civil authorities and directives that are contrary to the moral order .", "\" To welcome the foreigner \" who is in need of security and livelihood that cannot be found in his own country .", "\" An obligation for rich nations to help poor nations \" , especially in times of \" immediate need \" .", "\" An expectation for families to help other families \" ."], "M11": ["The Church requires all to pray and work to prevent unjust wars , but allows for just wars if certain conditions are met :", "\" The damage inflicted by the aggressor ... must be lasting , grave , and certain . \"", "It is a last resort taken only after all other means of putting an end to the \" grave damage \" have been ineffective .", "The ultimate aim is peace and there is a serious chance of success .", "No graver evils are produced that overshadow the evil to be eliminated . This forbids the use of arms to eliminate whole cities and areas with their inhabitants .", "The Catechism lists the following \" offenses against chastity \" in increasing order of gravity :"], "C182": ["Pornography ranks higher because it is considered a perversion of the sexual act that is intended for distribution to third parties for viewing .", "Rape is an intrinsically evil act that can cause grave damage to the victim for life .", "According to the Church , adultery and divorce are considered offenses against the dignity of marriage and are defined as follows :", "According to the Church , there are situations that do not equate to divorce :"], "G156": ["In extreme situations , such as domestic violence , separation is allowed . This is not considered a divorce and may be justified .", "Rash judgement : believing , without sufficient evidence , that a person has done moral faults .", "Detraction : the disclosure of another 's faults without a valid reason ."], "M141": ["Calumny : lying to harm a person 's reputation and providing opportunity to others to make false judgements concerning them .", "Flattery : \" speech to deceive others for our benefit . \"", "Bragging , boasting , or mocking : speech which either only honors oneself or dishonors others .", "Chastity , which enables people to love others with upright and undivided hearts .", "Purity of intention , which seeks to fulfill God 's will in everything , knowing that it alone will lead to the true end of man ."], "C24": ["Purity of vision , \" external and internal \" , disciplining the thoughts and imagination to reject those that are impure .", "Prayer that recognizes the power of God to grant a person the ability to overcome sexual desires .", "Modesty , of the feelings as well as the body is discreet in choice of words and clothing .", "Greed is the desire for too much of what one does not need ."], "GWELF": ["Under the Finnish form \" H\u00e4meenmaa \" , the name of the ship type was later carried on to several vessels of the 20th century Finnish Navy .", "Hobbs later worked for the American Red Cross in Europe and at the Oregon Journal newspaper . She died in Portland in 1964 .", "\" What Is the Name of That Song ? \" \u2013 3 : 58", "45 personnel in Bosnia and Herzegovina ( 23 in Sarajevo and 22 in Banja Luka ) - as part of EUFOR , since 2000 ( to be withdrawn )", "150 personnel in Pe\u0107 , Kosovo - as part of KFOR", "The actors , directors , screenwriters and producers interviewed for the film were :", "English director Edgar Wright named Not Quite Hollywood his fourth favourite film of 2008 , and called it \" the best documentary ever . \""], "C181": ["A list of film referenced within Not Quite Hollywood , separated by genre .", "Omar produced moderate damage throughout numerous islands , amounting to at least $ 60 million ( 2008 USD ) and one death was related to the storm .", "Forty six out of fifty seven cardinals participated in the conclave :", "The French government was more fastidious than Spanish and Neapolitan . Only three cardinals were considered good candidates : Conti , Durini and Ganganelli", "Out of these 43 cardinals only 27 or 28 were actually considered papabile , while the remaining 15 were excluded due to their age or health ."], "E311": ["The results of the ballots between April 27 and May 18 were following ( only the leading candidates are included ) :", "April 27 \u2013 Fantuzzi \u2013 10 ; Colonna \u2013 9 ; Pozzobonelli \u2013 6 ; Stoppani \u2013 5 ; Ganganelli \u2013 5", "April 28 \u2013 Fantuzzi \u2013 9 ; Colonna \u2013 9 ; Pozzobonelli \u2013 7 ; Stoppani \u2013 6 ; Ganganelli \u2013 4", "April 29 \u2013 Colonna \u2013 11 ; Fantuzzi \u2013 8 ; Stoppani \u2013 5 ; Pozzobonelli \u2013 4 ; Ganganelli \u2013 4", "April 30 \u2013 Colonna \u2013 11 ; Fantuzzi \u2013 8 ; Stoppani \u2013 5 ; Pozzobonelli \u2013 4 ; Ganganelli \u2013 4"], "E61": ["May 1 \u2013 Colonna \u2013 11 ; Fantuzzi \u2013 9 ; Stoppani \u2013 4 ; Pozzobonelli \u2013 4 ; Ganganelli \u2013 4", "May 2 \u2013 Colonna \u2013 11 ; Fantuzzi \u2013 9 ; Stoppani \u2013 4 ; Pozzobonelli \u2013 4 ; Ganganelli \u2013 4", "May 3 \u2013 Colonna \u2013 9 ; Fantuzzi \u2013 9 ; Stoppani \u2013 5 ; Pozzobonelli \u2013 4 ; Ganganelli \u2013 4", "May 4 \u2013 Colonna \u2013 10 ; Fantuzzi \u2013 9 ; Stoppani \u2013 4 ; Ganganelli \u2013 4 ; Pozzobonelli \u2013 2", "May 5 \u2013 Fantuzzi \u2013 10 ; Colonna \u2013 9 ; Stoppani \u2013 4 ; Ganganelli \u2013 4 ; Pozzobonelli \u2013 3", "May 6 \u2013 Fantuzzi \u2013 11 ; Stoppani \u2013 7 ; Colonna \u2013 6 ; Ganganelli \u2013 4 ; Pozzobonelli \u2013 4"], "E512": ["May 7 \u2013 Colonna \u2013 8 ; Fantuzzi \u2013 7 ; Stoppani \u2013 6 ; Ganganelli \u2013 4 ; Pozzobonelli \u2013 4", "May 8 \u2013 Colonna \u2013 9 ; Stoppani \u2013 6 ; Fantuzzi \u2013 5 ; Ganganelli \u2013 4 ; Pozzobonelli \u2013 3", "May 9 \u2013 Colonna \u2013 11 ; Stoppani \u2013 6 ; Fantuzzi \u2013 5 ; Pozzobonelli \u2013 4 ; Ganganelli \u2013 3", "May 10 \u2013 Colonna \u2013 11 ; Stoppani \u2013 7 ; Pozzobonelli \u2013 5 ; Fantuzzi \u2013 4 ; Ganganelli \u2013 4", "May 11 \u2013 Colonna \u2013 11 ; Pozzobonelli \u2013 6 ; Stoppani \u2013 5 ; Ganganelli \u2013 5 ; Fantuzzi \u2013 3", "May 12 \u2013 Colonna \u2013 11 ; Pozzobonelli \u2013 6 ; Stoppani \u2013 6 ; Ganganelli \u2013 6 ; Fantuzzi \u2013 5", "May 13 \u2013 Colonna \u2013 13 ; Stoppani \u2013 7 ; Pozzobonelli \u2013 6 ; Ganganelli \u2013 5 ; Fantuzzi \u2013 5", "May 14 \u2013 Colonna \u2013 11 ; Ganganelli \u2013 10 ; Pozzobonelli \u2013 9 ; Stoppani \u2013 8 ; Fantuzzi \u2013 4"], "C172": ["May 15 \u2013 Colonna \u2013 11 ; Stoppani \u2013 11 ; Ganganelli \u2013 10 ; Pozzobonelli \u2013 9 ; Fantuzzi \u2013 5", "May 16 \u2013 Colonna \u2013 11 ; Ganganelli \u2013 10 ; Pozzobonelli \u2013 8 ; Stoppani \u2013 8 ; Fantuzzi \u2013 4", "May 17 \u2013 Colonna \u2013 12 ; Pozzobonelli \u2013 12 ; Ganganelli \u2013 10 ; Stoppani \u2013 5 ; Fantuzzi \u2013 1", "May 18 \u2013 Ganganelli \u2013 19 ; Colonna \u2013 13 ; Pozzobonelli \u2013 11 ; Stoppani \u2013 6 ; Fantuzzi \u2013 1", "Microsoft Word does not treat sentences differently by default , but the grammar checking can be set to prefer a specific number of spaces between sentences .", "Berliner 's thesis , like Adams ' , has been sharply criticized .", "Rowson argues that both White and Black have certain advantages :", "An examination of reversed and symmetrical openings illustrates White 's and Black 's respective advantages :", "Tal himself lost a famous game as White from a symmetrical position in Tal \u2013 Beliavsky , USSR Championship 1974 .", "\" You will win with either color if you are the better player , but it takes longer with Black . \" \u2013 Isaac Kashdan", "From an early age , Reines exhibited an interest in science , and liked creating and building things . He later recalled that :", "The play is set in \" The Present \" ( i.e. 1895 ) .", "GWENDOLEN : I can . For I feel that you are sure to change ."], "C13": ["In 1963 , Erik Chisholm composed an opera from the play , using Wilde 's text as the libretto .", "In 1964 , Gerd Natschinski composed the musical Mein Freund Bunbury based on the play , 1964 premiered at Metropol Theater Berlin .", "A 1964 commercial television adaptation starred Ian Carmichael , Patrick Macnee , Susannah York , Fenella Fielding , Pamela Brown and Irene Handl .", "Unusually this episode begins on the 30 Rock title sequence - there is no cold open as is normally the case ."], "M142": ["The entire highway was in St. Ignace , Mackinac County .", "The wing dihedral was reduced to 3 \u00b0 from 6 \u00b0 .", "The fuselage was lengthened 400 mm ( 16 in ) and the rear fuselage was heightened by 300 mm ( 12 in ) .", "A new tricycle undercarriage was fitted , with the main gear units retracting into the engine nacelles ."], "C14": ["Additional fuel tanks were fitted and the design of the tanks was changed to accommodate the change from gasoline to kerosene .", "The control system was revised and trim tabs were fitted to the elevators .", "Maximum speed : 783 km / h ( 487 mph )", "Any such person claiming such exemption from combatant training and service ... in lieu of such induction , be assigned to work of national importance under civilian direction .", "Unlike harsher methods , the military found that this gentler approach resulted in about one in eight eventually transferring to military service ."], "G152": ["Frank Olmstead , chairman of the War Resisters League observed :"], "GCRIM": ["The hepatitis research was instrumental in determining a virus is responsible for the disease and that it is transmitted through human filth , serum and drinking water .", "Below is a comparison of the Regional GDP on the island of Ireland .", "The island has been invaded by some algae , some of which are now well established . For example :", "Asparagopsis armara Harvey , which originated in Australia and was first recorded by M. De Valera in 1939", "Colpomenia peregrina Sauvageau , which is now locally abundant and first recorded in the 1930s", "Codium fragile ssp. fragile ( formerly reported as ssp. tomentosum ) , now well established .", "Codium fragile ssp. atlanticum has been established to be native , although for many years it was regarded as an alien species .", "Since the 20th century the Irish pubs worldwide have become , especially those with a full range of cultural and gastronomic offerings , outposts of Irish culture ."], "C12": ["Some 100 Commandos were still ashore when Newman realised that evacuation by sea was no longer an option . He gathered the survivors and issued three orders :", "Not to surrender at all if we can help it .", "The battleship Tirpitz never entered the Atlantic . She remained in Norwegian fjords to threaten Allied shipping until she was destroyed by the RAF on 12 November 1944 .", "A memorial to the raid erected in Falmouth bears the following inscription :"], "GTOUR": ["On 4 September 2002 , a tree and seat at the National Memorial Arboretum were dedicated to the men of the raid . The seat bears the inscription :", "In memory of the Royal Navy Sailors and Army Commandos killed in the raid on St Nazaire on 28 March 1942", "The war film Attack on the Iron Coast was released in 1968 and was a highly fictionalized version of the raid ."], "C42": ["In 2007 , Jeremy Clarkson presented the story of the raid in a BBC documentary entitled The Greatest Raid of All Time .", "Social networking organizations such as Crisis Camp Haiti were developed to aid in the structure and coordination of relief efforts in Haiti and future catastrophic events as well .", "The Haiti 2010 earthquake has been depicted in the novel God Loves Haiti , by Dimitry Elias L\u00e9ger .", "yon koze ak moun tranblemandet\u00e8 ann Ayiti a afekte . United States : Xlibris . ISBN 9781479709472 .", "Darden was born in Sandusky , Ohio . He graduated from Sandusky High School .", "Darden was ranked 47th on the Cleveland Browns top 100 players list .", "The restaurant has been given five AA Rosettes by The Automobile Association ."], "G15": ["Honorary Doctor of Letters ( D.Litt ) for services to drama from University of Ulster , Magee campus ( 9 July 2003 ) .", "Award of Distinction for contribution to drama from Belfast Metropolitan College ( 13 November 2008 ) .", "Chancellor of the University of Ulster ( 2010 \u2014 ) ( ceremonial )"], "E13": ["Recorded at Sony Music Studios ( New York City , New York } )", "Mixed at The Hit Factory ( New York City , New York )", "Additional vocals recorded at The Hit Factory ( New York City , New York )", "My sense , as though of hemlock I had drunk ,", "O for a beaker full of the warm South ! 15"], "E411": ["That I might drink , and leave the world unseen ,", "And with thee fade away into the forest dim : 20"], "GENT": ["Here , where men sit and hear each other groan ;", "Where palsy shakes a few , sad , last grey hairs , 25", "Away ! away ! for I will fly to thee ,", "Call 'd him soft names in many a mus\u00e8d rhyme ,"], "GFAS": ["Now more than ever seems it rich to die , 55", "Still wouldst thou sing , and I have ears in vain \u2014", "Through the sad heart of Ruth , when , sick for home ,", "To toll me back from thee to my sole self !", "Fled is that music : \u2014 do I wake or sleep ? 80", "F. Scott Fitzgerald took the title of his novel Tender is the Night from the 35th line of the ode .", "Robyn 's children from her first marriage who were adopted by Kody on June 17 , 2015 :"], "ECAT": ["Although the ongoing investigation of the Browns is brought up during Season 2 , it is not extensively discussed , and the progress of the investigation is unknown .", "You Only Live Twice was a great success , receiving positive reviews and grossing over $ 111 million in worldwide box office .", "Akiko Wakabayashi as Aki : An agent with the Japanese SIS who assists Bond .", "Mie Hama as Kissy Suzuki : An Ama diving girl who replaces Aki after her death .", "Donald Pleasence as Ernst Stavro Blofeld : The megalomaniacal head of the terrorist syndicate known as SPECTRE . He intends to ignite a global nuclear war ."], "GWEA": ["Tetsur\u014d Tamba as Tiger Tanaka : Head of Japanese secret service .", "Teru Shimada as Mr. Osato : A Japanese industrialist secretly affiliated to SPECTRE .", "Karin Dor as Helga Brandt / No. 11 : Osato 's secretary and a SPECTRE assassin .", "Charles Gray as Dikko Henderson : British contact living in Japan .", "Burt Kwouk as Spectre 3 : one of Blofeld 's henchmen .", "Desmond Llewelyn as Q : Head of MI6 technical department .", "Tsai Chin as Ling : Undercover MI6 agent in Hong Kong ."], "E121": ["David Toguri as Assassin in Bedroom : one of Osato 's henchmen , who kills Aki .", "Peter Maivia as Car Driver : one of Osato 's henchmen , who fights Bond .", "Primary structure : the amino acid sequence . A protein is a polyamide .", "A special case of intramolecular hydrogen bonds within proteins , poorly shielded from water attack and hence promoting their own dehydration , are called dehydrons .", "Dirigent proteins are members of a class of proteins that dictate the stereochemistry of a compound synthesized by other enzymes .", "A vast array of computational methods have been developed to analyze the structure , function , and evolution of proteins .", "Bioinformatic Harvester A Meta search engine ( 29 databases ) for gene and protein information ."], "GVIO": ["Protein Databank in Europe ( see also PDBeQuips , short articles and tutorials on interesting PDB structures )", "Research Collaboratory for Structural Bioinformatics ( see also Molecule of the Month , presenting short accounts on selected proteins from the PDB )", "Proteopedia \u2013 Life in 3D : rotatable , zoomable 3D model with wiki annotations for every known protein molecular structure .", "\" An Introduction to Proteins \" from HOPES ( Huntington 's Disease Outreach Project for Education at Stanford )", "Proteins : Biogenesis to Degradation \u2013 The Virtual Library of Biochemistry and Cell Biology", "The discography of LiSA includes three studio albums , one extended play , ten singles , and five video albums .", "( i ) Proposed and seconded that the colours be chocolate and sky blue shirts and that we order two dozen .", "( ii ) Proposed and seconded that Mr McGregor be requested to supply them at the lowest quotation ."], "E143": ["Lerner put the club up for sale in May 2014 , valuing it at an estimated \u00a3 200 million .", "Aston Villa have won European and domestic league honours . The club 's last major honour was in 1996 when they won the League Cup .", "Second Division 2 : 1937 \u2013 38 , 1959 \u2013 60", "1886 \u2013 87 , 1894 \u2013 95 , 1896 \u2013 97 , 1904 \u2013 05 , 1912 \u2013 13 , 1919 \u2013 20 , 1956 \u2013 57", "1960 \u2013 61 , 1974 \u2013 75 , 1976 \u2013 77 , 1993 \u2013 94 , 1995 \u2013 96", "Timmy , along with two female gorillas , Tunuka and Paki , left the Bronx Zoo for the Louisville Zoo in May 2004 .", "Everywhere Innis went his methods were the same : he interviewed people connected with the production of staple products and listened to their stories ."], "GSCI": ["Cd + CdCl2 + 2 AlCl3 \u2192 Cd2 ( AlCl4 ) 2", "The structures of many cadmium complexes with nucleobases , amino acids , and vitamins have been determined .", "Metallic cadmium can be found is the Vilyuy River basin in Siberia .", "Cadmium is a common component of electric batteries , pigments , coatings , and electroplating .", "Cadmium can be used to block calcium channels in chicken neurons . Analytical methods for the determination of cadmium in biological samples have been reviewed ."], "GDIS": ["The biogeochemistry of cadmium and its release to the environment has been the subject of review , as has the speciation of cadmium in the environment .", "Zinc , Cu , Ca , and Fe ions , and selenium with vitamin C are used to treat Cd intoxication , though it is not easily reversed .", "Because of the adverse effects of cadmium on the environment and human health , the supply and use of cadmium is restricted in Europe under the REACH Regulation .", "\u2014 Carlyle remarked , \" These lines do not make me weep , but there is in me what would fill whole Lachrymatories as I read . \"", "\" Fantasy \" contains a sample of \" Genius of Love \" by Tom Tom Club .", "The NME placed the album at number 33 on its list of the Top 75 Albums of 2010 ."], "C33": ["Credits adapted from the liner notes of The Family Jewels .", "Credits adapted from the liner notes of The Family Jewels .", "Kilmer 's poetry was influenced by \" his strong religious faith and dedication to the natural beauty of the world . \"", "However , Winchell observes that this \" series of fanciful analogies ... could be presented in any order without damaging the overall structure of his poem . \"", "In his 1997 book of essays entitled The Geography of the Imagination , American writer Guy Davenport suggests a different inspiration for Kilmer 's poem .", "The Wolfpack proceeded to run out the clock and took a 21 \u2013 10 lead into halftime .", "The entire highway was in Grand Rapids Township , Kent County ."], "C23": ["Andreas de Moravia \u2013 buried in the south side of the choir under a large blue marble stone", "Columba de Dunbar ( c . 1386 \u2013 1435 ) was Bishop of Moray from 1422 until his death", "The medieval church cross in the churchyard , the Stanley Mausoleum , and the churchyard walls , gate piers and gates , are Grade II listed .", "the first observation of ammonia clouds in another planet 's atmosphere \u2014 the atmosphere creates ammonia ice particles from material coming up from lower depths ;"], "E41": ["observation of complex plasma interactions in Io 's atmosphere which create immense electrical currents that couple to Jupiter 's atmosphere ;", "providing evidence for supporting the theory that liquid oceans exist under Europa 's icy surface ;", "first detection of a substantial magnetic field around a satellite ( Ganymede ) ;", "identification of the global structure and dynamics of a giant planet 's magnetosphere ."], "GODD": ["While scientists require further evidence to determine the extent of a rocky core on Jupiter , its Galilean moons provide the potential opportunity for future human exploration .", "Battery Sergeant Major Charles Moritz , who initially joined the volunteer artillery and was the Permanent Artillery 's first recruit .", "While many commentators follow the Diceyan view , there are constitutional lawyers who prefer the definition given by William Blackstone in the 1760s :", "Today , the monarch exercises the prerogative almost exclusively in line with the advice of her government . Leyland notes that :", "A precise height of the summit was determined by a BAS survey party who ascended the peak during the austral summer of 1996 \u2013 97 ."], "CCAT": ["This list of ceratopsian genera by classification and location follows a review by Thomas R. Holtz , Jr. in 2010 .", "Leptoceratops - ( Alberta , Canada & Wyoming , US )", "Albertaceratops - ( Alberta , Canada & ? Montana , USA )", "Brachyceratops - ( Montana , USA & Alberta , Canada )", "Monoclonius - ( Montana , USA & Alberta , Canada )", "Styracosaurus - ( Alberta , Canada & Montana , USA )", "Ceratops - ( Montana , USA & Alberta , Canada )", "Torosaurus - ( Wyoming , Montana , South Dakota , North Dakota , & Utah , USA & Saskatchewan , Canada )", "Triceratops - ( Montana & Wyoming , USA & Saskatchewan & Alberta , Canada )", "Their study also found an equal consensus cladogram finding Ajkaceratops not as a neoceratopsian but a protoceratopsid . Nothing else about the cladograms changed .", "Following the Game Boy 's \" overnight success \" , Super Mario Land sold over 18 million copies \u2014 more than that of Super Mario Bros. 3 .", "Sabu ( \u30b5\u30d6 ) is a member of the \u014czora Group . He is in love with Tsugumi.Ch. 32 Sabu is voiced by Norio Wakamoto .", "Glu Mobile developed the mobile version of Guitar Hero 5 , released in the last quarter of 2009 ."], "C18": ["All games are published by Activision , except the first Guitar Hero and the PS2 version of Guitar Hero II , which were published by RedOctane .", "Sourced from Tommy Lawton profile at the English National Football Archive ( subscription required )", "Sourced from Tommy Lawton profile at the England Football Online website", "Sourced from Tommy Lawton profile at the English National Football Archive ( subscription required )", "British Home Championship winner : 1938 \u2013 39 ( shared ) , 1946 \u2013 47 , 1947 \u2013 48", "All songs written and composed by Sufjan Stevens and published by New Jerusalem Music , ASCAP .", "Alan Douches \u2013 mastering at West West Side Music , Tenafly , New Jersey"], "G151": ["Jon Galloway \u2013 remixing on \" Chicago \" ( To String Remix )", "Matt Morgan \u2013 backing vocals on \" Decatur , or , Round of Applause for Your Stepmother ! \"", "Daniel and Elin Smith \u2013 backing vocals and clapping on \" Decatur , or , Round of Applause for Your Stepmother ! \"", "Smith AH . ( 1947 ) . North American species of Mycena . Ann Arbor , Michigan : University of Michigan Press .", "For the Roxette album with a similar name , see Crash ! Boom ! Bang !", "Bennett also wrote an early dystopian novel , The Heads of Cerberus ( 1919 ) ."], "C21": ["Critic Sam Moskowitz said she was the \" greatest woman writer of science fiction in the period between Mary Wollstonecraft Shelley and C.L. Moore \" .", "Avalon ( serialized in Argosy , August 16 to September 6 , 1919 ; not reprinted )", "\" The Curious Experience of Thomas Dunbar \" ( Argosy , March , 1904 ; as by G. M. Barrows )"], "C171": ["He died of a stroke on 17 March 2007 at the age of 81 .", "There is a mausoleum assigned to him in Qeydar city Zanjan Province , Iran", "Teams marked ( R ) were relegated to Division Two of the County Championship .", "Teams marked * progressed to the next stage of the competition .", "Teams marked * progressed to the next stage of the competition ."], "GREL": ["In the 1870s , John Marius Wilson described Oldham as consisting of :", "Ferranti Technologies is an electronic , electromechanical and electrical engineering company based in Waterhead .", "In the heart of Oldham \u2019 s retail district , the Old Town Hall is being developed into a modern multiplex ODEON cinema .", "Over doors to the north : \" DEATH IS THE GATE OF LIFE / 1914 \u2013 1918 \"", "Over window to the south : \" TO GOD BE THE PRAISE \""], "E12": ["In 2012 and 2014 Oldham was named as Culture Town in the annual \" Britain in Bloom \" competition as winners", "People from Oldham are called Oldhamers , though \" Roughyed \" is a nickname from the 18th century when rough felt was used in Oldham to make hats .", "Edward Potts was a renowned architect who moved to Oldham from Bury . He was the architect for fourteen mills in the Oldham area .", "Notable musicians from Oldham include the Inspiral Carpets and Mark Owen of boyband Take That .", "The song was later included on the deluxe edition of Clarkson 's fifth studio album , Stronger , in 2011 .", "\" Don 't You Wanna Stay \" ( with Kelly Clarkson ) \u2013 4 : 16", "For the 2013 film of the same name , see In Bloom ( 2013 film )", "Sturgill Simpson recorded a country cover in 2016 which received air play on alternative stations ."], "GMIL": ["Reportedly he told another inmate that \" she deserved it \" as had discovered his wife being unfaithful .", "For a list of former Dover Athletic players with Wikipedia articles , see Category : Dover Athletic F.C. players .", "In Italy , plum cake is known by the English name , baked in an oven using dried fruit and often yoghurt .", "The Polish version of plum cake , which also uses fresh fruit , is known as Placek z Sliwkami ."], "C22": ["In India plum cake has been served around the time of the Christmas holiday season , and may have additional ingredients such as rum or brandy added .", "\" Confessions Part II \" ( Remix ) ( featuring Shyne , Kanye West & Twista )", "Meyerbeer 's concern to integrate musical power with all the resources of contemporary theatre anticipated in some ways the ideas of Wagner 's Gesamtkunstwerk . Becker writes :", "Mendelssohn disapproved of Meyerbeer 's works on moral grounds , believing Robert le diable to be ' ignoble ' .", "On 9 September 2013 a plaque to mark Meyerbeer 's last residence was put up at Pariser Platz 6a , Berlin .", "Vernon Dobtcheff played the role of Giacomo Meyerbeer in the 1983 film Wagner .", "A Meyerbeer discography ( updated whenever an additional opera by Meyerbeer is issued on CD ) at the Wayback Machine ( archived October 27 , 2009 )"], "E71": ["The Augustan History claims that a cousin of the king named Maeonius killed him , while the Anonymus post Dionem names the assassin as another Odaenathus .", "The number of children Odaenathus had with his first wife is unknown and only one is attested :", "Vaballathus : he is attested on several coins , inscriptions , and in the ancient literature ."], "E313": ["B. sect . Banksia ( 9 series , 50 species , 9 subspecies , 3 varieties )", "B. ser . Spicigerae ( 7 species , 2 subspecies , 4 varieties )", "Recorded at Serenity Sound Studios , Los Angeles , CA ; The Boom Boom Room , Burbank CA ; Triangle Sound Studios , Atlanta , GA", "All the high reliefs of the portals of the cathedral were inspired by the work of Flemish painter Peter Paul Rubens .", "This altar was damaged by fire in January 1967 but has been completely restored .", "The Herrera door opens into the sacristy , the oldest part of the cathedral . It is a mixture of Renaissance and Gothic styles .", "In 1957 , The wooden floor and platform around the perimeter of the Sacristy were replaced with stone ."], "E14": ["The cathedral contains other crypts and niches where other religious figures are buried , including in the chapels .", "HMS Marshal Soult , Lord Clive , Prince Eugene and General Crauford", "HMS Swift , Faulknor ( destroyer leader ) , Matchless , Mastiff , Afridi , Tempest , Tetrarch", "Credits lifted from the album liner notes for Until the Whole World Hears .", "Following the season , deGrom received a Wilson Defensive Player of the Year Award as the best defensive player statistically at his position in Major League Baseball .", "He began to perform at the Ten O 'Clock Scholar , a coffeehouse a few blocks from campus , and became involved in the Dinkytown folk music circuit ."], "G153": ["Since 1994 , Dylan has published six books of paintings and drawings .", "S. cirrhifer is host of the pennellid copepod parasite Peniculus minuticaudae , which mostly infects the fins of the female fish .", "At the 17th Japan Gold Disc Award in 2003 , the album was nominated in the category of Rock and Pop Album of the Year ( International ) .", "Charmbracelet was certified Gold in both Brazil and Hong Kong by Associa\u00e7\u00e3o Brasileira dos Produtores de Discos ( ABPD ) and IFPI Hong Kong respectively ."], "G157": ["\" Boy ( I Need You ) \" contains samples of \" Oh Boy \" by Cam 'ron & \" Call Me \" by Tweet .", "\" You Had Your Chance \" contains a sample of \" I Want 'a Do Something Freaky To You \" by Leon Haywood .", "\" Irresistible ( Westside Connection ) \" contains a sample of \" You Know How We Do It \" by Ice Cube", "\" Bringin ' on the Heartbreak \" is a cover of \" Bringin ' on the Heartbreak \" by Def Leppard .", "Credits for Charmbracelet taken from the album 's liner notes .", "The 2012 transit provided scientists numerous research opportunities as well , in particular in regard to the study of exoplanets . Research of the 2012 Venus transit includes :", "Dedication of the church 's pipe organ took place August 31 , 1930 . The combined congregation was very satisfied with their new place of worship .", "A personal highlight for Federer came near the end of the season when he finally won his hometown tournament the Swiss Indoors in Basel , Switzerland ."], "C32": ["Federer won two more events , the first at the Madrid Masters over Nadal on clay . The second was in Cincinnati over Novak Djokovic .", "Federer reached the semifinal of the 2012 Australian Open , setting up a 27th career meeting with Nadal , a match he lost in four tight sets .", "On 26 July , Federer announced that he would miss the 2016 Summer Olympics and the remainder of the 2016 season to fully recover from his knee injury ."], "G155": ["Federer and Nadal have been playing each other since 2004 , and their rivalry is a significant part of both men 's careers .", "These records were attained in the Open Era of tennis .", "Wimbledon Classic Match : Federer vs Sampras . Standing Room Only , DVD release date : 31 October 2006 , run time : 233 minutes , ASIN B000ICLR98 .", "McCall admitted in his autobiography , The Real McCall , he wanted to manage Bradford ."], "C312": ["On 20 June 2016 , he returned as manager of Bradford City , replacing Phil Parkinson . McCall gave up his coaching role with the Scottish national team .", "English First Division promotion ( 1 ) : 1998 \u2013 99", "Scottish Cup ( 3 ) : 1992 , 1993 , 1996", "Lanarkshire Cup ( 3 ) : 2010 \u2013 11 , 2012 \u2013 13 , 2013 \u2013 14"], "C17": ["Manager of the Month : July / August 2011 , October 2011 , March 2013", "Distribution of subspecies occurring entirely or partially in the United States is :", "L. c. bennettii ( Gray ) \u2013 coastal southern California to Baja California Norte", "L. c. californicus ( Gray ) \u2013 coastal Oregon to coastal and Central Valley California", "L. c. deserticola ( Mearns ) \u2013 southern Idaho to Sonora", "L. c. ememicus ( J. A. Allen ) \u2013 central Arizona to Sonora", "L. c. melanotis ( Mearns ) \u2013 South Dakota to Iowa , Missouri , and central Texas"], "M14": ["L. c. texianus ( Waterhouse ) \u2013 southeastern Utah and southwestern Colorado to Zacatecas", "L. c. wallawalla ( Merriam ) \u2013 eastern Washington to northeastern California and northwestern Nevada", "It is also possible that the 81st Regiment of the 27th Division advanced to Bir el Abd and took part in the defence of that place .", "The deployments on 3 August on and near the battlefield were as follows :", "3rd Light Horse Brigade to move towards Bir el Nuss and attack Hod el Enna from the south keeping in close touch with the Anzac Mounted Division .", "5th Mounted Brigade , under orders of 42nd Infantry Division to assist the 3rd Light Horse Brigade 's link with the Anzac Mounted Division 's right ."], "E21": ["According to the Australian official medical history , the total British Empire casualties were :", "Chauvel responded by pointing out that the criticisms of the battle were in danger of obscuring the significance of the victory .", "David Zinc , Finley & Figg Associate attorney - Prototypical Grisham young hot shot Harvard graduate lawyer whose life is turned upside down .", "Rochelle Gibson , Finley & Figg secretary - Former claimant against Finley & Figg who holds the firm together ."], "C11": ["Nadine Karros , Defendant 's leading litigator recruited by Varrick .", "DeeAnna Nuxhall , repeat Finley & Figg divorce customer and eventual love interest of Wally 's", "Jerry Alisandros , mass tort operator who brings F & F into his firm 's fold .", "Anderson Zinc , David 's father ( Chief Justice of the Supreme Court of Minnesota ) ( per Ch . 15 )"], "GCAT": ["Caroline Zinc , David 's mother ( art and photography teacher ) ( per Ch . 15 )", "As a group , the Sclerodermatineae have a broad distribution , and some genera ( Pisolithus and Scleroderma ) have been found on all continents except Antarctica .", "The television show the family is watching near the beginning of the show is an episode from the 1974 ABC sitcom Happy Days .", "Speed and Pops from Speed Racer make an appearance at the Soap Box Derby starting line and again when the Griffins prepare to leave for Manhattan .", "When Peter has to search for his spiritual guide , it turns out to be Fonzie from Happy Days ."], "GPRO": ["The end of the episode features a parody of the The More You Know series of public service announcements .", "The rhyme is one of the best known and most popular in the English language . The most common modern text is :", "The earliest known version was published in Samuel Arnold 's Juvenile Amusements in 1797 with the lyrics :", "In 1842 , James Orchard Halliwell published a collected version as :", "\" I don 't know what you mean by ' glory , ' \" Alice said .", "\" The question is , \" said Alice , \" whether you can make words mean so many different things . \""], "E142": ["\" The question is , \" said Humpty Dumpty , \" which is to be master \u2014 that 's all . \"", "It has been suggested by A. J. Larner that Carroll 's Humpty Dumpty had prosopagnosia on the basis of his description of his finding faces hard to recognise .", "\" The face is what one goes by , generally , \" Alice remarked in a thoughtful tone .", "England players traditionally wear a white shirt with a Rose embroidered on the chest , white shorts , and navy blue socks with a white trim .", "England have contested every Rugby World Cup since it began in 1987 , reaching the final three times and winning in 2003 ."], "E211": ["On 30 May , Luther Burrell replaced Manu Tuilagi in the touring squad , after Tuilagi withdrew from the squad due to injury .", "Note : The number of caps was updated 25 June 2016 .", "Four former England representatives have been inducted into the International Rugby Hall of Fame : Bill Beaumont , Martin Johnson , Jason Leonard and Wavell Wakefield .", "The wrecksite is designated as a protected place under the Protection of Military Remains Act 1986 .", "Republican Party officials quickly began to back Tufaro , who criticized the Democratic Party by pointing out that Democrats have led Baltimore in its decline .", "In the September 14 Republican primary , Tufaro received over half of the votes cast . Adair finished in second place .", "Two walled enclosures with ponds and drainage systems in the northern part of the mound that could indicate of dyeing operations that used vats to dye muslin for export", "Pink amphorae jars used to store wine or oil with two handles and a yellow slip , found in all layers of excavations", "A book by Rita Soltan entitled Reading Raps : A Book Club Guide for Librarians , Kids , and Families analyzed Chasing Vermeer 's themes as follows :", "\" Caught Up \" ( Album version ) \u2013 3 : 48", "\" Caught Up \" ( Official Remix ) ( featuring Fabolous ) \u2013 4 : 39", "\" Caught Up \" ( Bimbo Jones Remix ) \u2013 3 : 33", "\" Caught Up \" ( Music Video ) \u2013 3 : 49", "Credits adapted from the liner notes of Good Girl Gone Bad : Reloaded , Def Jam Recordings .", "Buster Bros. ( PC Engine ) ( 1991 ) \u2013 original music by Tamayo Kawamoto", "Super Smash Bros. Brawl ( 2008 ) \u2013 arranged \" Tetris : Type A \" , \" Gritzy Desert \" , and \" King Dedede 's Theme \""], "C41": ["Little King 's Story ( 2009 ) \u2013 arranged Maurice Ravel 's Bol\u00e9ro .", "G.S.M. 1500 series ~ Sweet Home ( 1989 ) \u2013 arranged two tracks", "Captain Commando -G.S.M. Capcom 5- ( 1992 ) \u2013 with Alph Lyla", "Game Music Festival ~ Super Live ' 92 ~ ( 1992 ) \u2013 with Alph Lyla", "Street Fighter II Collector 's Box ( 1993 ) \u2013 with Alph Lyla", "Phantasy Star Online Episode I & II Premium Arrange ( 2004 ) \u2013 with many others"], "MCAT": ["Dark Chronicle Premium Arrange ( 2004 ) \u2013 with many others", "Rogue Galaxy Premium Arrange ( 2006 ) \u2013 with many others", "Murmur ( 2007 ) \u2013 original album with lyrics and vocals by Chata", "Drammatica : The Very Best of Yoko Shimomura ( 2008 )"], "C151": ["GeOnDan Super Rare Trax : The LAND of RISING SUN ( 2011 ) \u2013 with many others", "GO ! GO ! Buriki Daioh ! ! ( 2012 )", "X 'mas Collections II ( 2013 ) \u2013 with many others"], "Root": ["mem\u00f3ria ! ~ The Very Best of Yoko Shimomura ( 2014 )"], "E312": ["Game Music Prayer II ( 2014 ) \u2013 with many others", "The episode ends with Lisa finally being able to solve the brain teaser she was unable to finish earlier in the episode .", "- No longer the \u201c Money Maker \u201d in the family , may become an issue due to not being the main support and rock for the family .", "- Transitioning from the workplace to stay at home role can be challenging .", "- Pay cut due to some male jobs paying higher than a female job .", "- Adapting to the workforce role from the stay at home mother role .", "- Becoming the main source of income for the family and working long hours away from home and family ."], "G158": ["- Will lose less time with their children and will devote 70 % of their day to work force and 30 % to their children .", "Mo Willems , American writer , animator , and creator of children 's books", "Preston North End Player of the Year : 2001 \u2013 02", "6 . XeF is theorized to be unstable . The fluorides are the starting point for the synthesis of almost all xenon compounds .", "The xenon fluorides behave as both fluoride acceptors and fluoride donors , forming salts that contain such cations as XeF + and Xe", "2 is also able to form coordination complexes with transition metal ions . Over 30 such complexes have been synthesized and characterized ."], "M131": ["2 is a real compound and not merely a van der Waals molecule consisting of weakly bound Xe atoms and Cl", "2 molecules . Theoretical calculations indicate that the linear molecule XeCl", "2 is less stable than the van der Waals complex .", "Three oxides of xenon are known : xenon trioxide ( XeO"], "C331": ["Xenon does not react with oxygen directly ; the trioxide is formed by the hydrolysis of XeF", "3 is weakly acidic , dissolving in alkali to form unstable xenate salts containing the HXeO \u2212", "4 anion . These unstable salts easily disproportionate into xenon gas and perxenate salts , containing the XeO4 \u2212", "Barium perxenate , when treated with concentrated sulfuric acid , yields gaseous xenon tetroxide :", "2 with xenon gas at low temperatures . It may also be obtained by the partial hydrolysis of XeF", "4 . It disproportionates at \u2212 20 \u00b0 C into XeF"], "C173": ["6 . The latter reaction also produces a small amount of XeO"], "GDEF": ["5 anion , while XeOF3 reacts with the alkali metal fluorides KF , RbF and CsF to form the XeOF \u2212", "5 \u2013 Xe \u2013 X , where X is CN , F , or Cl .", "R \u2013 C \u2261 C \u2013 Xe + , where R is C", "Other compounds containing xenon bonded to a less electronegative element include F \u2013 Xe \u2013 N ( SO"], "E513": ["2 . The latter is synthesized from dioxygenyl tetrafluoroborate , O", "An unusual ion containing xenon is the tetraxenonogold ( II ) cation , AuXe2 +", "4 , which contains Xe \u2013 Au bonds . This ion occurs in the compound AuXe"], "G159": ["2 , and is remarkable in having direct chemical bonds between two notoriously unreactive atoms , xenon and gold , with xenon acting as a transition metal ligand .", "Although xenon is rare and relatively expensive to extract from the Earth 's atmosphere , it has a number of applications .", "In a ceremony a few days after Juan Per\u00f3n 's second inauguration , Evita was given the official title of \" Spiritual Leader of the Nation . \"", "John Balfour was the British ambassador in Argentina during the Per\u00f3n regime , and describes Evita 's popularity :"], "G154": ["Note : Only the top five positions are included for both sets of standings .", "At the Meenakshi Amman Temple , women worship the Kalyanasundara sculpture to find husbands ."]}