{"GHEA": [" health"], "C34": [" monopolies competition"], "E51": [" trade reserves"], "GSPO": [" sports"], "E131": [" consumer prices"], "E511": [" balance of payments"], "GPOL": [" domestic politics"], "E132": [" wholesale prices"], "E212": [" government borrowing"], "E11": [" economic performance"], "C31": [" markets marketing"], "C411": [" management moves"], "C311": [" domestic markets"], "GOBIT": [" obituaries"], "M13": [" money markets"], "M12": [" bond markets"], "C313": [" market share"], "M143": [" energy markets"], "M132": [" forex markets"], "C152": [" comment forecasts"], "C15": [" performance"], "C183": [" privatisations"], "GDIP": [" international relations"], "C1511": [" annual results"], "E31": [" output capacity"], "GJOB": [" labour issues"], "C174": [" credit ratings"], "C16": [" insolvency liquidity"], "GENV": [" environment and natural world"], "E141": [" personal income"], "GVOTE": [" elections"], "M11": [" equity markets"], "C182": [" asset transfers"], "G156": [" ec environment issues"], "M141": [" soft commodities"], "C24": [" capacity facilities"], "GWELF": [" welfare, social services"], "C181": [" mergers acquisitions"], "E311": [" industrial production"], "E61": [" housing starts"], "E512": [" merchandise trade"], "C172": [" bonds debt issues"], "C13": [" regulation policy"], "M142": [" metals trading"], "C14": [" share listings"], "G152": [" ec corporate policy"], "GCRIM": [" crime, law enforcement"], "C12": [" legal judicial"], "GTOUR": [" travel and tourism"], "C42": [" labour"], "G15": [" european community"], "E13": [" inflation prices"], "E411": [" unemployment"], "GENT": [" arts, culture, entertainment"], "GFAS": [" fashion"], "ECAT": [" economics"], "GWEA": [" weather"], "E121": [" money supply"], "GVIO": [" war, civil war"], "E143": [" retail sales"], "GSCI": [" science and technology"], "GDIS": [" disasters and accidents"], "C33": [" contracts orders"], "C23": [" research development"], "E41": [" employment labour"], "GODD": [" human interest"], "CCAT": [" corporate industrial"], "C18": [" ownership changes"], "G151": [" ec internal market"], "C21": [" production services"], "C171": [" share capital"], "GREL": [" religion"], "E12": [" monetary economic"], "GMIL": [" millennium issues"], "C22": [" new products services"], "E71": [" leading indicators"], "E313": [" inventories"], "E14": [" consumer finance"], "G153": [" ec agriculture policy"], "G157": [" ec competition subsidy"], "C32": [" advertising promotion"], "G155": [" ec institutions"], "C312": [" external markets"], "C17": [" funding capital"], "M14": [" commodity markets"], "E21": [" government finance"], "C11": [" strategy plans"], "GCAT": [" government social"], "GPRO": [" biographies, personalities, people"], "E142": [" consumer credit"], "E211": [" expenditure revenue"], "C41": [" management"], "MCAT": [" markets"], "C151": [" accounts earnings"], "Root": [" root"], "E312": [" capacity utilization"], "G158": [" ec external relations"], "M131": [" interbank markets"], "C331": [" defence contracts"], "C173": [" loans credits"], "GDEF": [" defence"], "E513": [" reserves"], "G159": [" ec general"], "G154": [" ec monetary economic"]}