{"GHEA": ["What Is Health? Health is living long and well."], "C34": ["Definition: Competition, in economics, is defined as the effort of enterprises to be leaders in their industry and increase their market share."], "E51": ["Trade broadly refers to the exchange of goods and services, most often in return for money."], "GSPO": ["Sport deals with the struggle between individuals or teams."], "E131": ["The CPI reflects spending patterns for each of two population groups: all urban consumers and urban wage earners and clerical workers."], "E511": ["The balance of payments of a country is the difference between all money flowing into the country in a particular period of time (e."], "GPOL": ["Domestic policy are administrative decisions that are directly related to all issues and activity within a state's borders."], "E132": ["A wholesale price reflects the cost of an item when it's sold in bulk to larger groups or distributors, as opposed to the price that a consumer might get."], "E212": ["Public debt is the total of all borrowing of a government, minus repayments denominated in a country's home currency."], "E11": ["Definition: Those issues dealing with the amount and value of money, wealth, debt, and investment."], "C31": ["Marketing is the process of getting potential clients or customers interested in your products and services."], "C411": ["The moves management process involves donor cultivation, donor solicitation and donor stewardship."], "C311": ["The domestic market, also known as the internal market or home market, is where goods and services are bought and sold within the borders of a country."], "GOBIT": ["Even the most sensational obituaries should include key details about the person's life and death."], "M13": ["Money market accounts work like a savings account, where you can deposit and withdraw money into it."], "M12": ["A bond market is a place where debt securities are traded."], "C313": ["Definition: Out of total purchases of a customer of a product or service, what percentage goes to a company defines its market share."], "M143": ["Energy markets are commodity markets that deal specifically with the trade and supply of energy."], "M132": ["The foreign exchange market is a global decentralized or over-the-counter market for the trading of currencies."], "C152": ["Forecasting is a decision-making tool used by many businesses to help in budgeting, planning, and estimating future growth."], "C15": ["You can think of corporate performance as the collaborative accomplishments, successes, and failures of an organization."], "C183": ["Privatization (or privatisation in British English) can mean different things including moving something from the public sector into the private sector."], "GDIP": ["International relations (IR), international affairs (IA) or international studies (IS) is the scientific study of interactions between sovereign states."], "C1511": ["An annual report is a comprehensive report detailing a company's activities throughout the preceding year."], "E31": ["In economics, output is defined as the quantity of goods or services produced in a certain period of time by a firm, industry, or country."], "GJOB": ["Labor Unions; Employment Discrimination; Immigration."], "C174": ["Generally speaking, a credit score is a three-digit number ranging from 300 to 850."], "C16": ["In accounting, insolvency is the state of being unable to pay the debts, by a person or company, at maturity; those in a state of insolvency are said to be insolvent."], "GENV": ["The environment is something you are very familiar with."], "E141": ["Personal Income Tax (PIT), also known as individual income tax, is a tax on employee earnings."], "GVOTE": ["Federal Elections: How Do They Work? \u00b7 House of Representatives: Members serve for 2 years; they are elected by popular vote."], "M11": ["The equity or stock market is a market in which shares of companies are issued and traded, either through exchanges or over-the-counter markets."], "C182": ["If you are thinking about transferring assets to family members to reduce your income or estate taxes, you should be aware of the gift tax liability."], "G156": ["Industrial growth in Europe hurt the environment---- and has created serious health risks."], "M141": ["Soft commodities, or softs, are commodities such as coffee, cocoa, sugar, corn, wheat, soybean, fruit and livestock."], "C24": ["In the context of company law, capacity is the extent of a company's legal ability to exercise certain acts."], "GWELF": ["Social welfare includes healthcare, empowerment, housing and other programs geared towards assisting the poor, unemployed and marginalized in society."], "C181": ["Mergers and acquisitions (M&A) refer to transactions between two companies combining in some form."], "E311": ["Energy use in the industrial sector is dominated by the production of a few major energy-intensive commodities such as steel, paper, cement, and chemicals."], "E61": ["Beginning with data for September 1992, estimates of housing starts include units in structures being totally rebuilt on an existing foundation."], "E512": ["The Merchandise Trade Balance is the difference in value between imported and exported goods."], "C172": ["Description: Debt means the amount of money which needs to be repaid back and financing means providing funds to be used in business activities."], "C13": ["It is the central purpose of regulation to prevent the owners of regulated enterprises from obtaining monopoly profits."], "M142": ["Trading precious metals means that you'll be speculating on prices rising or falling with financial derivates like spread bets and CFDs."], "C14": ["Direct listings allow private companies to list and sell their shares on a stock exchange to investors without having to conduct an IPO."], "G152": ["European corporate law is a part of European Union law, which concerns the formation, operation and insolvency of corporations in the European Union."], "GCRIM": ["The purpose of law enforcement is to protect communities, hold individuals accountable, and ensure justice."], "C12": ["Corporate law is the body of law governing the rights, relations, and conduct of persons, companies, organizations and businesses."], "GTOUR": ["The World Travel & Tourism Council (WTTC) represents the Travel & Tourism sector globally."], "C42": ["Labor is the process by which the fetus and the placenta leave the uterus."], "G15": ["European Community (EC), former association designed to integrate the economies of Europe."], "E13": ["In economics, inflation refers to a general progressive increase in prices of goods and services in an economy."], "E411": ["Unemployment Insurance (UI) was established in 1935 and has been a fixture in the ."], "GENT": ["Entertainment is a form of activity that holds the attention and interest of an audience or gives pleasure and delight."], "GFAS": ["Fashion is most often thought of as a global industry that is invested in anticipating what we wear and how we wish to appear to others."], "ECAT": ["Economics is a social science that studies the production, distribution, and consumption of goods and services."], "GWEA": ["Weather is the state of the atmosphere, including temperature, atmospheric pressure, wind, humidity, precipitation, and cloud cover."], "E121": ["In macroeconomics, the money supply refers to the total volume of money held by the public at a particular point in time in an economy."], "GVIO": ["The meaning of war is a state or period of fighting between countries or groups."], "E143": ["What Are Retail Sales? Retail sales tracks consumer demand for finished goods by measuring the purchases of durable and non-durable goods over a defined period of time."], "GSCI": ["Science and technology studies are the study of how society, politics, and culture affect scientific research and technological innovation, and vice versa."], "GDIS": ["Disaster prevention, mitigation & preparedness safeguard development."], "C33": ["Contracts are agreements that enable people, businesses, and society to come together and collaborate towards their specific desires and needs."], "C23": ["Research and development (R&D) is a broad category describing the entity of basic research, applied research, and development activities."], "E41": ["an act or instance of employing someone or something."], "GODD": ["Human Interest is a 401(k) provider that makes it easy for small and medium-sized businesses to help their employees save for retirement."], "CCAT": ["A corporation is a distinct legal business entity, meaning the business owns property, pays taxes, and enters into contracts separate from its owners."], "C18": ["Voting rights allow the owner to control a portion of the company through ownership."], "G151": ["The European Single Market is an entity created by a trade agreement between participating states."], "C21": ["What are Products and Services? A product is a tangible item that is put on the market for acquisition, attention, or consumption, while a service is an intangible item, which arises from the output of one or more individuals."], "C171": ["Share capital is separate from other types of equity accounts."], "GREL": ["There are many definitions of religion."], "E12": ["Monetary policy is a set of actions available to a nation's central bank to achieve sustainable economic growth by adjusting the money supply."], "GMIL": ["The Millennium Prize Problems are seven of the most well-known and important unsolved problems in mathematics."], "C22": ["New product development is the process of converting an idea into a workable software product."], "E71": ["A leading indicator is a piece of economic data that corresponds with a future movement or change in some phenomenon of interest."], "E313": ["Definition: Inventory, often called merchandise, refers to goods and materials that a business holds for sale to customers in the near future."], "E14": ["Consumer finance refers to the borrowing and saving choices that people (i."], "G153": ["The EU's common agricultural policy was launched in 1962 to ensure that postwar Europe would have enough food."], "G157": ["The European Union (EU) offers grants or subsidies in several fields."], "C32": ["Advertising is a marketing tactic involving paying for space to promote a product, service, or cause."], "G155": ["The EU has 7 main institutions, and the role of each one is set out in the treaties."], "C312": ["external marketing, people usually are talking about one of two things."], "C17": ["What Is Capital? \u00b7 Financial assets held in a bank account or brokerage account."], "M14": ["A commodity market is a place where you can buy, sell, or trade these raw products."], "E21": ["In the 19th century, government finance was primarily concerned with the allocative function."], "C11": ["Definition: Corporate strategy encompasses a firm's corporate actions with the aim to achieve company objectives while achieving a competitive advantage."], "GCAT": ["1 : a community or group of people having common traditions, institutions, and interests medieval society western society."], "GPRO": ["A biography is a true story about someone's life."], "E142": ["Consumer credit, also called consumer debt, is credit extended to individuals to buy goods or services."], "E211": ["The basic revenue definition is the total amount of money brought in by a company's operations, measured over a set amount of time."], "C41": ["Corporate management is a broad term that covers the positions of leadership within an organization, and the primary goal is business success."], "MCAT": ["Definition: A market is defined as the sum total of all the buyers and sellers in the area or region under consideration."], "C151": ["A company's earnings are its after-tax net income, meaning its profits."], "Root": ["Input field has no description ."], "E312": ["Capacity utilization or capacity utilisation is the extent to which a firm or nation employs its installed productive capacity."], "G158": ["The European External Action Service (EEAS) and its country delegations throughout the world (169 countries) act as the EU's diplomatic service."], "M131": ["Section II considers more closely why banks use the market."], "C331": ["According to Finley, the wide array of contracts makes managing defence contracts an increasingly complex affair."], "C173": ["In finance, a loan is the lending of money by one or more individuals, organizations, or other entities to other individuals, organizations etc."], "GDEF": ["The Department of Defense provides the military forces needed to deter war, and to protect the security of the United States."], "E513": ["In financial accounting, \"reserve\" always has a credit balance and can refer to a part of shareholders' equity, a liability for estimated claims, or contra-asset for uncollectible accounts."], "G159": ["The General Court, informally known as the European General Court (EGC), is a constituent court of the Court of Justice of the European Union."], "G154": ["The European Monetary System was a multilateral adjustable exchange rate agreement in which most of the nations of the European Economic Community linked their currencies to prevent large fluctuations in relative value."]}