{"GHEA": ["health"], "C34": ["monopolies or competition"], "E51": ["trade reserves"], "GSPO": ["sports"], "E131": ["consumer prices"], "E511": ["balance of payments"], "GPOL": ["domestic politics"], "E132": ["wholesale prices"], "E212": ["government borrowing"], "E11": ["economic performance"], "C31": ["markets or marketing"], "C411": ["management moves"], "C311": ["domestic markets"], "GOBIT": ["obituaries"], "M13": ["money markets"], "M12": ["bond markets"], "C313": ["market share"], "M143": ["energy markets"], "M132": ["forex markets"], "C152": ["comment or forecasts"], "C15": ["performance"], "C183": ["privatisations"], "GDIP": ["international relations"], "C1511": ["annual results"], "E31": ["output or capacity"], "GJOB": ["labour issues"], "C174": ["credit ratings"], "C16": ["insolvency or liquidity"], "GENV": ["environment and natural world"], "E141": ["personal income"], "GVOTE": ["elections"], "M11": ["equity markets"], "C182": ["asset transfers"], "G156": ["ec environment issues"], "M141": ["soft commodities"], "C24": ["capacity or facilities"], "GWELF": ["welfare, social services"], "C181": ["mergers or acquisitions"], "E311": ["industrial production"], "E61": ["housing starts"], "E512": ["merchandise trade"], "C172": ["bonds or debt issues"], "C13": ["regulation or policy"], "M142": ["metals trading"], "C14": ["share listings"], "G152": ["ec corporate policy"], "GCRIM": ["crime, law enforcement"], "C12": ["legal or judicial"], "GTOUR": ["travel and tourism"], "C42": ["labour"], "G15": ["european community"], "E13": ["inflation or prices"], "E411": ["unemployment"], "GENT": ["arts, culture, entertainment"], "GFAS": ["fashion"], "ECAT": ["economics"], "GWEA": ["weather"], "E121": ["money supply"], "GVIO": ["war, civil war"], "E143": ["retail sales"], "GSCI": ["science and technology"], "GDIS": ["disasters and accidents"], "C33": ["contracts or orders"], "C23": ["research or development"], "E41": ["employment or labour"], "GODD": ["human interest"], "CCAT": ["corporate or industrial"], "C18": ["ownership changes"], "G151": ["ec internal market"], "C21": ["production or services"], "C171": ["share capital"], "GREL": ["religion"], "E12": ["monetary or economic"], "GMIL": ["millennium issues"], "C22": ["new products or services"], "E71": ["leading indicators"], "E313": ["inventories"], "E14": ["consumer finance"], "G153": ["ec agriculture policy"], "G157": ["ec competition subsidy"], "C32": ["advertising or promotion"], "G155": ["ec institutions"], "C312": ["external markets"], "C17": ["funding or capital"], "M14": ["commodity markets"], "E21": ["government finance"], "C11": ["strategy or plans"], "GCAT": ["government or social"], "GPRO": ["biographies, personalities, people"], "E142": ["consumer credit"], "E211": ["expenditure or revenue"], "C41": ["management"], "MCAT": ["markets"], "C151": ["accounts or earnings"], "Root": ["root"], "E312": ["capacity utilization"], "G158": ["ec external relations"], "M131": ["interbank markets"], "C331": ["defence contracts"], "C173": ["loans or credits"], "GDEF": ["defence"], "E513": ["reserves"], "G159": ["ec general"], "G154": ["ec monetary economic"]}