{"GHEA": ["The class is health"], "C34": ["The class is monopolies/competition"], "E51": ["The class is trade/reserves"], "GSPO": ["The class is sports"], "E131": ["The class is consumer prices"], "E511": ["The class is balance of payments"], "GPOL": ["The class is domestic politics"], "E132": ["The class is wholesale prices"], "E212": ["The class is government borrowing"], "E11": ["The class is economic performance"], "C31": ["The class is markets/marketing"], "C411": ["The class is management moves"], "C311": ["The class is domestic markets"], "GOBIT": ["The class is obituaries"], "M13": ["The class is money markets"], "M12": ["The class is bond markets"], "C313": ["The class is market share"], "M143": ["The class is energy markets"], "M132": ["The class is forex markets"], "C152": ["The class is comment/forecasts"], "C15": ["The class is performance"], "C183": ["The class is privatisations"], "GDIP": ["The class is international relations"], "C1511": ["The class is annual results"], "E31": ["The class is output/capacity"], "GJOB": ["The class is labour issues"], "C174": ["The class is credit ratings"], "C16": ["The class is insolvency/liquidity"], "GENV": ["The class is environment and natural world"], "E141": ["The class is personal income"], "GVOTE": ["The class is elections"], "M11": ["The class is equity markets"], "C182": ["The class is asset transfers"], "G156": ["The class is ec environment issues"], "M141": ["The class is soft commodities"], "C24": ["The class is capacity/facilities"], "GWELF": ["The class is welfare, social services"], "C181": ["The class is mergers/acquisitions"], "E311": ["The class is industrial production"], "E61": ["The class is housing starts"], "E512": ["The class is merchandise trade"], "C172": ["The class is bonds/debt issues"], "C13": ["The class is regulation/policy"], "M142": ["The class is metals trading"], "C14": ["The class is share listings"], "G152": ["The class is ec corporate policy"], "GCRIM": ["The class is crime, law enforcement"], "C12": ["The class is legal/judicial"], "GTOUR": ["The class is travel and tourism"], "C42": ["The class is labour"], "G15": ["The class is european community"], "E13": ["The class is inflation/prices"], "E411": ["The class is unemployment"], "GENT": ["The class is arts, culture, entertainment"], "GFAS": ["The class is fashion"], "ECAT": ["The class is economics"], "GWEA": ["The class is weather"], "E121": ["The class is money supply"], "GVIO": ["The class is war, civil war"], "E143": ["The class is retail sales"], "GSCI": ["The class is science and technology"], "GDIS": ["The class is disasters and accidents"], "C33": ["The class is contracts/orders"], "C23": ["The class is research/development"], "E41": ["The class is employment/labour"], "GODD": ["The class is human interest"], "CCAT": ["The class is corporate/industrial"], "C18": ["The class is ownership changes"], "G151": ["The class is ec internal market"], "C21": ["The class is production/services"], "C171": ["The class is share capital"], "GREL": ["The class is religion"], "E12": ["The class is monetary/economic"], "GMIL": ["The class is millennium issues"], "C22": ["The class is new products/services"], "E71": ["The class is leading indicators"], "E313": ["The class is inventories"], "E14": ["The class is consumer finance"], "G153": ["The class is ec agriculture policy"], "G157": ["The class is ec competition/subsidy"], "C32": ["The class is advertising/promotion"], "G155": ["The class is ec institutions"], "C312": ["The class is external markets"], "C17": ["The class is funding/capital"], "M14": ["The class is commodity markets"], "E21": ["The class is government finance"], "C11": ["The class is strategy/plans"], "GCAT": ["The class is government/social"], "GPRO": ["The class is biographies, personalities, people"], "E142": ["The class is consumer credit"], "E211": ["The class is expenditure/revenue"], "C41": ["The class is management"], "MCAT": ["The class is markets"], "C151": ["The class is accounts/earnings"], "Root": ["The class is root"], "E312": ["The class is capacity utilization"], "G158": ["The class is ec external relations"], "M131": ["The class is interbank markets"], "C331": ["The class is defence contracts"], "C173": ["The class is loans/credits"], "GDEF": ["The class is defence"], "E513": ["The class is reserves"], "G159": ["The class is ec general"], "G154": ["The class is ec monetary/economic"]}