{"GHEA": ["The rostrum of H. americanus bears one or more spines on the underside , which are lacking in H. gammarus ."], "C34": ["The underside of the claw of H. americanus is orange or red , while that of H. gammarus is creamy white or very pale red ."], "E51": ["The diet of H. gammarus mostly consists of other benthic invertebrates . These include crabs , molluscs , sea urchins , starfish and polychaete worms ."], "GSPO": ["Aquaculture systems for H. gammarus are under development , and production rates are still very low ."], "E131": ["1 East End Historic District \u2014 roughly bounded by 18th St , 11th Ave , 14th St , 14th Ave , 5th St , and 17th Ave ."], "E511": ["2 Highlands Historic District \u2014 roughly bounded by 15th St , 34th Ave , 19th St , and 36th Ave ."], "GPOL": ["4 Meridian Urban Center Historic District \u2014 roughly bounded by 21st and 25th Aves , 6th St , and the railroad ."], "E132": ["5 Union Station Historic District \u2014 roughly bounded by 18th and 19th Aves , 5th St , and the railroad ."], "E212": ["6 Merrehope Historic District \u2014 roughly bounded by 33rd Ave , 30th Ave , 14th St , and 8th St."], "E11": ["8 Poplar Springs Road Historic District \u2014 roughly bounded by 29th St , 23rd Ave , 22nd St , and 29th Ave ."], "C31": ["9 West End Historic District \u2014 roughly bounded by 7th St , 28th Ave , Shearer 's Branch , and 5th St."], "C411": ["The Mississippi Department of Mental Health operates the East Mississippi State Hospital in Meridian ."], "C311": ["The United States Postal Service operates the Meridian , North Meridian , and the West Meridian Station post offices ."], "GOBIT": ["Runs parallel to Interstate 59 south to New Orleans , Louisiana , and north all the way to the Canada \u2013 US border . U.S. Highway 45"], "M13": ["Begins in Meridian and runs north to Shuqualak , Mississippi . Mississippi Highway 145"], "M12": ["Formerly US 45 , but now only exists as an alternate route in several cities . Mississippi Highway 493"], "C313": ["Begins in Meridian and runs north to Lynville , Mississippi ."], "M143": ["Meridian has produced or hosted many famous people in the arts and other areas . For example :"], "M132": ["Alvin Childress , who played the lead role in the Amos ' n ' Andy Show , was born in the city in 1907 ."], "C152": ["Winfield Dunn , former Governor of Tennessee , lived in Meridian"], "C15": ["John Fleming , current U.S. Representative for Louisiana 's 4th congressional district lived in Meridian ;"], "C183": ["The late Lieutenant Governor Carroll Gartin , who was born in Meridian , lived in Laurel ;"], "GDIP": ["Gillespie V. Montgomery , former U.S. Representative , lived in Meridian"], "C1511": ["Hartley Peavey , founder of Peavey Electronics which is headquartered in Meridian , is a Meridian native ."], "E31": ["Tom Stuart from 1973 to 1977 was the first Republican to serve as mayor of Meridian in the 20th century ."], "GJOB": ["David Ruffin , former lead singer of The Temptations , and his older brother Jimmy Ruffin were born in the surrounding area , Whynot and Collinsville , respectively ."], "C174": ["Hayley Williams , lead singer of the band Paramore , was also born in the city in 1988 ."], "C16": ["Singer Al Wilson , born in June 1939 , was a Meridian native ."], "GENV": ["The coasts around Papa Stour have claimed numerous wrecks . In Hamnavoe , Tiptans Skerry alone has sunk Dutch , French , German and Norwegian ships ."], "E141": ["There is an airstrip which caters for regular flights from Tingwall ."], "GVOTE": ["The song saw a release as playable downloadable content in the game Rocksmith 2014 ."], "M11": ["The $ 261 million project was started in 2002 and completed in December 2005 . It was designed by the HNTB Corporation and built by Zachry Construction Corporation ."], "C182": ["Level I : US 75 , an eight lane highway , four lanes going each way"], "G156": ["Level IV and V : Direct connection ramps ( two levels ) , eliminating the left exits of the modified cloverleaf"], "M141": ["Initial members of the Trout Creek Mountain Working Group included :"], "C24": ["Five of the 30 nominees for the men 's basketball Lowe 's Senior CLASS Award were from the Big Ten , including Michigan 's Zack Novak ."], "GWELF": ["Big Ten Freshman of the Year ( Big Ten media )"], "C181": ["Given the planet 's high mass , it is likely that Upsilon Andromedae b is a gas giant with no solid surface ."], "E311": ["Radcliffe is a fan of the Detroit Red Wings of the National Hockey League ."], "E61": ["Late in the afternoon , Edson stepped onto a grenade box and addressed his exhausted troops , saying ,"], "E512": ["Edson 's speech \" raised the spirits \" of the Raiders and helped them prepare mentally for the night ahead ."], "C172": ["The dynastic line of Tikal , founded as early as the 1st century AD , spanned 800 years and included at least 33 rulers ."], "C13": ["The beginning of the Tikal hiatus has served as a marker by which archaeologists commonly subdivide the Classic period of Mesoamerican chronology into the Early and Late Classic ."], "M142": ["Tikal is now a major tourist attraction surrounded by its own national park . A site museum has been built at Tikal ; it was completed in 1964 ."], "C14": ["The Tozzer Causeway runs west from the Great Plaza to Temple IV ."], "G152": ["The Central Acropolis is a palace complex just south of the Great Plaza ."], "GCRIM": ["Group H is centered on a large plaza to the north of the Great Plaza . It is bordered by temples dating to the Late Classic ."], "C12": ["The Great Plaza Ballcourt is a small ballcourt that lies between Temple I and the Central Acropolis ."], "GTOUR": ["Complex N lies to the west of the Bat Palace and Temple III . The complex dates to AD 711 ."], "C42": ["Altar 9 is associated with Stela 21 and bears the sculpture of a bound captive . It is located in front of Temple VI ."], "G15": ["Stelae are carved stone shafts , often sculpted with figures and hieroglyphs . A selection of the most notable stelae at Tikal follows :"], "E13": ["Stela 1 dates to the 5th century and depicts the king Siyaj Chan K 'awiil II in a standing position ."], "E411": ["Stela 5 was dedicated in 744 by Yik 'in Chan K 'awiil ."], "GENT": ["Stela 11 was the last monument ever erected at Tikal ; it was dedicated in 869 by Jasaw Chan K 'awiil II ."], "GFAS": ["Stela 19 was dedicated in 790 by Yax Nuun Ayiin II ."], "ECAT": ["Stela 20 was found in Complex P , in Group H , and was moved to the Museo Nacional de Arqueolog\u00eda y Etnolog\u00eda in Guatemala City ."], "GWEA": ["Stela 40 bears a portrait of Kan Chitam and dates to AD 468 ."], "E121": ["Stela 43 is paired with Altar 35 . It is a plain monument at the base of the stairway of Temple IV ."], "GVIO": ["Burial 196 is a Late Classic royal tomb that contained a jade mosaic vessel topped with the head of the Maize God ."], "E143": ["Menschenrechtsbuero.de \u2013 Human Rights website of the German Church of Scientology ( German )"], "GSCI": ["Scientology : Publications of German regional governments \u2013 Website of the German Federal Office for the Protection of the Constitution ( German )"], "GDIS": ["Images from the ' ' Ten Bamboo Studio Manual of Painting and Calligraphy ' '"], "C33": ["The official unveiling by Linford Christie took place on 12 January 2005 ."], "C23": ["According to TV Nova , Blythe stated that he had not been aware of Nosek 's death and expressed his remorse ."], "E41": ["The State Attorney announced that he would appeal the verdict ."], "GODD": ["In 2015 Blythe demanded ca CZK 15 millions for damages but the Municipal Court for Prague 2 dismissed the suit ."], "CCAT": ["\" I 'll Be There \" ( with Trey Lorenz )"], "C18": ["< sus > 1 < / sus > Performed on select dates"], "G151": ["The mill was restored over a period of six years . Much of the work was carried out by enthusiasts who used working holidays to repair the mill ."], "C21": ["A video of the restoration of the mill was produced by Viv Codd ."], "C171": ["In 1995 Churchill discussed his views with David Barsamian in an interview :"], "GREL": ["In a statement dated May 9 , 2005 , and posted on its website , the United Keetoowah Band initially said ,"], "E12": ["Two days later , the United Keetoowah Band replaced its statement and acknowledged Churchill 's \" alleged ancestry \" of being Cherokee :"], "GMIL": ["Churchill has never asked for CDIB certification , and finds the idea of being \" vetted \" by the US government offensive ."], "C22": ["For decades in his writings , Churchill has argued that blood quantum laws have an inherent genocidal purpose . He says ,"], "E71": ["1992 , Alfred University awarded him an honorary Doctorate of Humane Letters ."], "E313": ["Culture versus Economism : Essays on Marxism in the Multicultural Arena. with Elisabeth Lloyd . Indigena Press . 1984 ."], "E14": ["Churchill , Ward ( November 1998 ) . \" Smoke Signals : A History of Native Americans in Cinema \" . LiP Magazine ."], "G153": ["Pacifism and Pathology in the American Left , 2003 audio CD recorded at an AK Press warehouse in Oakland ( AK Press Audio )"], "G157": ["Z Mag Ward Churchill Audio August 10 , 2003 and earlier"], "C32": ["Churchill Speaks About Academic Freedom \u2013 Free Speech Radio News February 9 , 2005"], "G155": ["Ward Churchill Under Fire \u2013 Free Speech Radio News , February 3 , 2005 ."], "C312": ["Debate with David Horowitz and Ward Churchill at George Washington University April 6 , 2006"], "C17": ["Oxford 's Isis beat Cambridge 's Goldie in the reserve race , while Oxford won the Women 's Boat Race ."], "M14": ["The following musicians played on the original version of \" Back Off Boogaloo \" :"], "E21": ["Ringo Starr \u2013 vocals , drums , percussion , backing vocals"], "C11": ["Madeline Bell , Lesley Duncan , Jean Gilbert \u2013 backing vocals"], "GCAT": ["Elimination destroys a potential stereocenter , decreasing the potential usefulness of the reaction ."], "GPRO": ["Protonation of the enolate is sometimes not stereoselective , meaning that products can be formed as mixtures of epimers ."], "E142": ["In the total synthesis of rocaglamide , epoxidation of a vinyl alkoxyallenyl stannane likewise generates a pentadienyl cation via ring opening of the resultant epoxide ."], "E211": ["The world premiere of Horrible Bosses took place on June 30 , 2011 at Grauman 's Chinese Theatre in Hollywood , California ."], "C41": ["On July 26 , 2011 , FX obtained the rights to the network premiere of the film ."], "MCAT": ["Pierce Brosnan as James Bond 007 , an MI6 agent ."], "C151": ["Halle Berry as Giacinta ' Jinx ' Johnson , an NSA agent ."], "Root": ["Toby Stephens as Gustav Graves , a British entrepreneur , alter ego of Colonel Moon ."], "E312": ["Rosamund Pike as Miranda Frost , undercover MI6 agent and double agent ."], "G158": ["Rick Yune as Zao , a North Korean terrorist working for Moon ."], "M131": ["Will Yun Lee as Colonel Moon , a rogue North Korean army colonel , later uses his alter ego ."], "C331": ["Kenneth Tsang as General Moon , Colonel Moon 's father ."], "C173": ["John Cleese as Q , MI6 's quartermaster and armourer ."], "GDEF": ["Colin Salmon as Charles Robinson , M 's Deputy Chief of Staff ."], "E513": ["Rachel Grant as Peaceful Fountains of Desire , a Chinese agent working for Mr. Chang , undercover as a masseuse ."], "G159": ["Emilio Echevarr\u00eda as Raoul , the manager of a Havana cigar factory , and a British sleeper ."], "G154": ["Michael Gorevoy as Vladimir Popov , Gustav Graves ' personal scientist"]}