{"GHEA": ["Health is a state of physical, mental and social well-being, not just the absence of disease or infirmity."], "C34": ["In economics, competition is a scenario where different economic firms are in contention to obtain goods that are limited by varying the elements of the marketing mix: price, product, promotion and place."], "E51": ["Trade involves the transfer of goods or services from one person or organisation to another, often in exchange for money."], "GSPO": ["A game is a physical or mental activity or contest that has rules and that people do for pleasure."], "E131": ["The Consumer Price Index measures the average change in prices over time that consumers pay for a basket of goods and services."], "E511": ["The meaning of balance of payments is a summary of the international transactions of a country or region over a period of time including commodity and service transactions, capital transactions, and gold movements."], "GPOL": [" Major issues currently for US domestic policy include gun control and firearms ownership, surveillance operations within the country as a counterterrorism measure, social security, welfare and healthcare, as well as immigration and drugs enforcement."], "E132": ["Wholesale price x 2 = Recommended Retail Price In some cases, following this formula is difficult, because the wholesale price can sometimes become unsustainably low for some companies."], "E212": ["In public finance, government debt, also known as public interest, public debt, national debt and sovereign debt, is the total amount of debt owed at a point in time by a government or sovereign state to lenders."], "E11": ["Thus, economic performance with respect to the $130,000 X pays Z occurs in 1998."], "C31": ["Marketing is the process of intentionally stimulating demand for and purchases of goods and services; potentially including selection of a target audience; selection of certain attributes or themes to emphasize in advertising; operation of advertising campaigns; attendance at trade shows and public events; design of products and packaging to be more attractive to buyers; selection of the terms of sale, such as price, discounts, warranty, and return policy; product placement in media or with people believed to influence the buying habits of others; agreements with retailers, wholesale distributors, or resellers; and attempts to create awareness of, loyalty to, and positive feelings about a brand."], "C411": ["Moves management is the process of tracking all moves taken with a donor to more effectively control the stewardship and cultivation of major donors."], "C311": ["domestic market definition: the number of customers who buy or may buy products and services offered by companies within their\u2026."], "GOBIT": [" An obituary is an editorial article announcing a person's death and offering detailed biographical information."], "M13": ["A money market account is a savings account that may also have debit card and check-writing privileges."], "M12": ["6 trillion 'junk bond' market could get more turbulent next year, says Deutsche Bank."], "C313": ["Market share refers to the company's percentage of the entire sales of the market or industry in which it operates."], "M143": ["Energy markets are auctions that are used to coordinate the production of electricity on a day-to-day basis."], "M132": ["The foreign exchange market (Forex, FX, or currency market) is a global decentralized or over-the-counter (OTC) market for the trading of currencies."], "C152": ["The things they say and forecast could end up having a lot of influence over how markets perform this coming month."], "C15": ["Business performance management is a set of performance management and analytic processes that enables the management of an organization's performance to achieve one or more pre-selected goals."], "C183": ["Privatization describes the process by which a piece of property or business goes from being owned by the government to being privately owned."], "GDIP": ["The meaning of international relations is a branch of political science concerned with relations between nations and primarily with foreign policies."], "C1511": ["Annual results for the year ended 31 March 2021."], "E31": ["Economic output refers to the amount of goods and services which a nation, industry, or company creates over a set time period."], "GJOB": [" \"The labor problem\" is the economics term widely used toward the turn of the 20th century with various applications."], "C174": ["A credit rating is a quantified assessment of the creditworthiness of a borrower in general terms or with respect to a financial obligation."], "C16": ["Liquidity refers to how easily an investment can be sold for cash."], "GENV": ["Environment definition, the aggregate of surrounding things, conditions, or influences; surroundings; milieu milieu."], "E141": ["State personal income decreased 21."], "GVOTE": ["Election dates and deadlines vary across the country and at different levels of government."], "M11": ["An equity market is a platform for purchasing and selling stocks of various listed companies."], "C182": ["If you are thinking about transferring assets to family members to reduce your income or estate taxes, you should be aware of the gift tax liability."], "G156": ["Industrial growth in Europe hurt the environment---- and has created serious health risks."], "M141": ["Soft commodity trading has been gaining more interest among traders who are looking to diversify their portfolio of stocks and bonds."], "C24": ["Business capacity is the volume of work that can be handled by an organization, team, process, service or tool."], "GWELF": ["What Is Social Welfare? Social welfare is a broad and imprecise term that refers to different things depending on context."], "C181": ["The mergers and acquisitions (M&A) process has many steps and can often take anywhere from 6 months to several years to complete."], "E311": ["The industrial production index (IPI) is a monthly economic indicator measuring real output in the manufacturing, mining, electric, and gas industries."], "E61": [" Statistics indicate that most states and territories have steady real estate and construction industries."], "E512": ["Goods simply being transported through a country (goods in transit) or temporarily admitted or withdrawn (except for goods for inward or outward processing) do not add to or subtract from the stock of material resources of a country and are not included in the international merchandise trade statistics."], "C172": ["Debt definition, something that is owed or that one is bound to pay to or perform for another: a debt of $50."], "C13": ["What is Government Regulation\u20ac of Industry?\u20ac \u2022 Government regulation of industry is local, federal or state government control of individual or firm behavior via the mechanisms of setting the prices or controlling the quantity and quality of goods and services produced."], "M142": ["Rem Metal Trading company buys and sells concentrates and rare metals."], "C14": ["Yes, membership has its privileges! As an agent, you can sell any listings."], "G152": ["Corporate Financial Frictions and Employee Mental Health."], "GCRIM": ["Crime as a Product of Society, Culture, and Time."], "C12": ["Corporate compliance is making sure your company complies with all laws, standards, regulations and ethical practices that apply to your business."], "GTOUR": ["Travel and Tourism Information, by State."], "C42": ["The first stage of labor happens in two phases: early labor and active labor."], "G15": ["The European Union has been given a single legal personality under this Treaty."], "E13": ["The inflation rate is calculated using the Consumer Price Index or CPI."], "E411": ["Unemployment is the term for when a person who is actively seeking a job is unable to find work."], "GENT": ["The meaning of entertainment is amusement or diversion provided especially by performers."], "GFAS": ["Fashion is modern: it's change, it's progress."], "ECAT": ["Economics is a social science concerned with the production, distribution, and consumption of goods and services."], "GWEA": ["Get the forecast for today, tonight & tomorrow's weather for Cedar Falls, IA."], "E121": ["The money supply is the entire stock of currency and other liquid instruments in a country's economy as of a particular time."], "GVIO": ["War is an intense armed conflict between states, governments, societies, or paramilitary groups such as mercenaries, insurgents, and militias."], "E143": ["Roger Corbett: A former CEO and managing director of Woolworths, a major Australian retailer."], "GSCI": ["Science and technology studies are the study of how society, politics, and culture affect scientific research and technological innovation, and vice versa."], "GDIS": ["Disaster prevention, mitigation & preparedness safeguard development."], "C33": ["A contract is a binding promise between two competent parties that is enforceable by law."], "C23": ["Jun 14, 2018Without research, however, development is slower, more cumbersome, and less effective."], "E41": ["Employment is an agreement between an employer and an employee that the employee will provide certain services."], "GODD": [" In journalism, a human-interest story is a feature story that discusses people or pets in an emotional way."], "CCAT": ["A corporation is a legal entity that is separate and distinct from its owners."], "C18": ["Voting rights allow the owner to control a portion of the company through ownership."], "G151": ["The \u201cfour freedoms\u201d are the foundation of the European (EEA) Internal Market."], "C21": ["Products are tangible \u2013 they are physical, you can touch, see, feel and smell them."], "C171": ["Share capital, then, is the total money put into the business - the nominal value of the shares you've issued."], "GREL": ["In the simplest sense, religion describes \"the relationship of human beings to what they regard as holy, sacred, spiritual or divine\"."], "E12": ["Monetary means relating to money, especially the total amount of money in a country."], "GMIL": ["The 15 Global Challenges: \u00b7 1."], "C22": ["New products are goods and services that differ significantly in their characteristics or intended uses from products previously produced by the firm."], "E71": ["Leading indicators are proactive and preventive measures that can shed light about the effectiveness of safety and health activities and reveal potential problems in a safety and health program."], "E313": ["Inventory is a major asset for any manufacturing or trading business, so it's important for business owners to understand what it really means."], "E14": ["Many individuals are confused about what is consumer finance."], "G153": ["Agriculture is the only sector of the European Union (EUEuropean Union (EUEU policies aim to ensure the free movement of people, goods, services and capital within the internal market; enact legislation in justice and home affairs; and maintain common policies on trade, agriculture, fisheries and regional development."], "G157": ["Like most government policy, agricultural subsidies in both the United States and the European Union, started out with good intentions."], "C32": ["Advertising developed in a variety of media."], "G155": ["Only one institution, the European Parliament, is democratically elected by the citizens of the Member States."], "C312": ["Update this option in the External Market Links section of the Appstore settings."], "C17": ["Nic Barnhart of Pareto Labs defines capital as simply, \u201cMoney that is used to make more money."], "M14": ["A commodity market is a market that trades in the primary economic sector rather than manufactured products, such as cocoa, fruit and sugar."], "E21": ["What is Public Finance? Public finance is the management of a country's revenue, expenditures Expenditure An expenditure represents a payment with either cash or credit to purchase goods or services."], "C11": ["A corporate-level strategy is a multi-tiered company plan that leaders use to define, outline and achieve specific business goals."], "GCAT": [" Sociologists note that with the advent of the computer microchip, the world is witnessing a technological revolution."], "GPRO": ["A biography is the non- fiction, written history or account of a person's life."], "E142": ["19 Report: A monthly statistical report from the U."], "E211": ["Expenditure refers to payments made or liabilities incurred in exchange for goods or services."], "C41": ["Key performance management information is also drawn together at a corporate level through the Corporate Management Team, and reported through to the Performance Board, Scrutiny and Full Council."], "MCAT": ["A set up where two or more parties engage in exchange of goods, services and information is called a market."], "C151": [" The chart of accounts is a listing of all the accounts in the general ledger, each account accompanied by a reference number."], "Root": ["descriptions be knowledgeable of requirements for the preparation of the various types of land descriptions."], "E312": ["Capacity utilization determines the percentage of capacity that is being used over a set period."], "G158": ["The work of the European Union (EU) in the area of external relations includes the negotiation of trade agreements, and cooperation on energy, health, climate and environmental issues, often in the context of international organisations such as the United Nations."], "M131": ["The forex interbank market is the wholesale currency arena, where traders from large banking institutions trade amongst one another."], "C331": ["According to Finley, the wide array of contracts makes managing defence contracts an increasingly complex affair."], "C173": ["A loan is an amount of money you borrow from a bank, financial institution, online lender or even a person such as a family member."], "GDEF": ["'Civil defence', 'foreign military aid', 'R&D defence' and defence expenditure not elsewhere classified together amounted to around 0."], "E513": ["In financial accounting, \"reserve\" always has a credit balance and can refer to a part of shareholders' equity, a liability for estimated claims, or contra-asset for uncollectible accounts."], "G159": ["European Union (EU), international organization comprising 27 European countries and governing common economic, social, and security policies."], "G154": ["The European Monetary System (EMS) was a multilateral adjustable exchange rate agreement in which most of the nations of the European Economic Community (EEC) linked their currencies to prevent large fluctuations in relative value."]}